code,name
451060,1Q 200액티브
0184E0,1Q 200채권혼합50액티브
491610,1Q CD금리액티브(합성)
0182R0,1Q K반도체TOP2+
0182S0,1Q K반도체TOP2채권혼합50
0103T0,1Q K소버린AI
0198D0,1Q SK하이닉스선물단일종목레버리지
463290,1Q 단기금융채액티브
0131W0,1Q 단기특수은행채액티브
479080,1Q 머니마켓액티브
0026S0,1Q 미국S&P500
0052S0,1Q 미국S&P500미국채혼합50액티브
0069M0,1Q 미국나스닥100
0111P0,1Q 미국나스닥100미국채혼합50액티브
0083S0,1Q 미국메디컬AI
0004G0,1Q 미국배당TOP30
0131V0,1Q 미국우주항공테크
0198B0,1Q 삼성전자선물단일종목레버리지
0094X0,1Q 샤오미밸류체인액티브
0172V0,1Q 은액티브
0017Y0,1Q 종합채권(AA-이상)액티브
0052T0,1Q 중단기회사채(A-이상)액티브
495330,1Q 코리아밸류업
0186S0,1Q 코스닥150채권혼합50액티브
492500,1Q 현대차그룹채권(A+이상)&국고통안
0206G0,1Q 현대차기아채권혼합50
473440,ACE 11월만기자동연장회사채AA-이상액티브
105190,ACE 200
332500,ACE 200TR
461270,ACE 26-06 회사채(AA-이상)액티브
475260,ACE 2월만기자동연장회사채AA-이상액티브
385600,ACE 2차전지&친환경차액티브
475270,ACE 5월만기자동연장회사채AA-이상액티브
475280,ACE 8월만기자동연장회사채AA-이상액티브
469150,ACE AI반도체TOP3+
0079X0,ACE BYD밸류체인액티브
385590,ACE ESG액티브
226380,ACE Fn성장소비주도주
475050,ACE KPOP포커스
411060,ACE KRX금현물
0172Y0,ACE K수출핵심TOP10산업액티브
0177X0,ACE K휴머노이드로봇산업TOP2+
291130,ACE MSCI멕시코(합성)
256440,ACE MSCI인도네시아(합성)
261920,ACE MSCI필리핀(합성)
0194T0,ACE SK하이닉스단일종목레버리지
0021D0,ACE TDF2030액티브 적격
0021E0,ACE TDF2050액티브 적격
0021C0,ACE TDF장기자산배분액티브
0139P0,ACE 고배당주
0199C0,ACE 고배당주Plus커버드콜액티브
225130,ACE 골드선물 레버리지(합성 H)
483340,ACE 구글밸류체인액티브
365780,ACE 국고채10년
114460,ACE 국고채3년
494340,ACE 글로벌AI맞춤형반도체
446770,ACE 글로벌반도체TOP4 Plus
435040,ACE 글로벌브랜드TOP10
497510,ACE 글로벌빅파마
460960,ACE 글로벌인컴TOP10
414270,ACE 글로벌자율주행액티브
440640,ACE 단기채권알파액티브
190620,ACE 단기통안채
494330,ACE 라이프자산주주가치액티브
265690,ACE 러시아MSCI(합성)
152500,ACE 레버리지
0153P0,ACE 리츠부동산인프라액티브
483330,ACE 마이크로소프트밸류체인액티브
487340,ACE 머니마켓액티브
0085P0,ACE 미국10년국채액티브
0085N0,ACE 미국10년국채액티브(H)
452250,ACE 미국30년국채선물레버리지(합성 H)
476760,ACE 미국30년국채액티브
453850,ACE 미국30년국채액티브(H)
476750,ACE 미국30년국채엔화노출액티브(H)
480030,ACE 미국500데일리타겟커버드콜(합성)
0118Z0,ACE 미국AI테크핵심산업액티브
280320,ACE 미국IT인터넷(합성 H)
360200,ACE 미국S&P500
438080,ACE 미국S&P500미국채혼합50액티브
0155M0,ACE 미국SMR원자력TOP10
309230,ACE 미국WideMoat동일가중
367380,ACE 미국나스닥100
438100,ACE 미국나스닥100미국채혼합50액티브
456880,ACE 미국달러SOFR금리(합성)
440650,ACE 미국달러단기채권액티브
0127M0,ACE 미국대형가치주액티브
0127P0,ACE 미국대형성장주액티브
480040,ACE 미국반도체데일리타겟커버드콜(합성)
402970,ACE 미국배당다우존스
0046Y0,ACE 미국배당퀄리티
0049M0,ACE 미국배당퀄리티+커버드콜액티브
0049K0,ACE 미국배당퀄리티채권혼합50
181480,ACE 미국부동산리츠(합성 H)
480020,ACE 미국빅테크7+데일리타겟커버드콜(합성)
465580,ACE 미국빅테크TOP7 Plus
465610,ACE 미국빅테크TOP7 Plus레버리지(합성)
465620,ACE 미국빅테크TOP7 Plus인버스(합성)
0180V0,ACE 미국우주테크액티브
473590,ACE 미국주식베스트셀러
0008E0,ACE 미국중심중소형제조업
391600,ACE 미국친환경그린테마
455660,ACE 미국하이일드액티브(H)
245710,ACE 베트남VN30(합성)
131890,ACE 삼성그룹동일가중
108450,ACE 삼성그룹섹터가중
0194M0,ACE 삼성전자단일종목레버리지
316300,ACE 싱가포르리츠
277540,ACE 아시아TOP50
483420,ACE 애플밸류체인액티브
483320,ACE 엔비디아밸류체인액티브
448540,ACE 엔비디아채권혼합
0099L0,ACE 우량회사채(AA-이상)액티브
433500,ACE 원자력TOP10
0102X0,ACE 유럽방산TOP10
487920,ACE 인도시장대표BIG5그룹액티브
487910,ACE 인도컨슈머파워액티브
145670,ACE 인버스
497520,ACE 일라이릴리밸류체인
238720,ACE 일본Nikkei225(H)
196030,ACE 일본TOPIX레버리지(H)
205720,ACE 일본TOPIX인버스(합성 H)
469160,ACE 일본반도체
356540,ACE 종합채권(AA-이상)액티브
447430,ACE 주주환원가치주액티브
416090,ACE 중국과창판STAR50
168580,ACE 중국본토CSI300
219900,ACE 중국본토CSI300레버리지(합성)
272910,ACE 중장기국공채액티브
0087F0,ACE 차이나AI빅테크TOP2+액티브
371870,ACE 차이나항셍테크
380340,ACE 코리아AI테크핵심산업
496120,ACE 코리아밸류업
354500,ACE 코스닥150
305050,ACE 코스피
457480,ACE 테슬라밸류체인액티브
469170,ACE 포스코그룹포커스
466810,BNK 2차전지양극재
457930,BNK 미래전략기술액티브
487750,BNK 온디바이스AI
445690,BNK 주주가치액티브
0120J0,BNK 카카오그룹포커스
486240,DAISHIN343 AI반도체&인프라액티브
434960,DAISHIN343 K200
0189Z0,DAISHIN343 금융&지주고배당
0174J0,DAISHIN343 오피스리츠플러스
0098Z0,FOCUS 200
0176P0,FOCUS AI반도체위클리고정커버드콜
448570,FOCUS AI코리아액티브
285690,FOCUS ESG리더스
0073X0,FOCUS 알리바바미국채커버드콜혼합
293180,HANARO 200
407310,HANARO 200 TOP10
332930,HANARO 200TR
304780,HANARO 200선물레버리지
306520,HANARO 200선물인버스
0123S0,HANARO 26-12 은행채(AA+이상)액티브
0091M0,HANARO 27-06 회사채(AA-이상)액티브
448490,HANARO 32-10 국고채액티브
454320,HANARO CAPEX설비투자iSelect
395290,HANARO Fn K-POP&미디어
395280,HANARO Fn K-게임
368190,HANARO Fn K-뉴딜디지털플러스
402460,HANARO Fn K-메타버스MZ
395270,HANARO Fn K-반도체
438900,HANARO Fn K-푸드
367740,HANARO Fn5G산업
407300,HANARO Fn골프테마
381560,HANARO Fn전기&수소차
441540,HANARO Fn조선해운
381570,HANARO Fn친환경에너지
479850,HANARO K-뷰티
453060,HANARO KOFR금리액티브(합성)
304760,HANARO KRX300
322410,HANARO K고배당
0155N0,HANARO K휴머노이드테마TOP10
332940,HANARO MSCI Korea TR
322400,HANARO e커머스
473640,HANARO 글로벌금채굴기업
354350,HANARO 글로벌럭셔리S&P(합성)
461340,HANARO 글로벌생성형AI액티브
424460,HANARO 글로벌워터MSCI(합성)
401590,HANARO 글로벌탄소배출권선물ICE(합성)
0040S0,HANARO 글로벌피지컬AI액티브
314700,HANARO 농업융복합산업
486830,HANARO 머니마켓액티브
0181B0,HANARO 미국AI메모리반도체TOP4+
432840,HANARO 미국S&P500
498050,HANARO 바이오코리아액티브
476260,HANARO 반도체핵심공정주도주
434730,HANARO 원자력iSelect
0082F0,HANARO 유럽방산
491820,HANARO 전력설비투자
461500,HANARO 종합채권(AA-이상)액티브
0191W0,HANARO 중기종합채권(A-이상)액티브
0111J0,HANARO 증권고배당TOP3플러스
495750,HANARO 코리아밸류업
304770,HANARO 코스닥150
306530,HANARO 코스닥150선물레버리지
375760,HANARO 탄소효율그린뉴딜
491700,HK 200
0000Y0,HK 26-12 회사채(AA-이상)액티브
215620,HK S&P코리아로우볼
0113P0,HK 머니마켓액티브
391670,HK 베스트일레븐액티브
472920,HK 종합채권(AA-이상)액티브
472840,IBK 200
0005G0,IBK K-AI반도체코어테크
0178H0,IBK 미국AI TOP10국채혼합50
0135Y0,IBK 중기종합채권(AA-이상)액티브
0191S0,IBK 코스닥150
483570,KCGI 미국S&P500 TOP10
069660,KIWOOM 200
294400,KIWOOM 200TR
253250,KIWOOM 200선물레버리지
253240,KIWOOM 200선물인버스
253230,KIWOOM 200선물인버스2X
464240,KIWOOM 26-09회사채(AA-이상)액티브
458210,KIWOOM CD금리액티브(합성)
488200,KIWOOM K-2차전지북미공급망
488210,KIWOOM K-반도체북미공급망
100910,KIWOOM KRX100
0194R0,KIWOOM SK하이닉스선물단일종목레버리지
435530,KIWOOM TDF2030액티브 적격
435540,KIWOOM TDF2040액티브 적격
435550,KIWOOM TDF2050액티브 적격
148070,KIWOOM 국고채10년
167860,KIWOOM 국고채10년레버리지
471460,KIWOOM 국고채30년액티브
114470,KIWOOM 국고채3년
473490,KIWOOM 글로벌AI반도체
489860,KIWOOM 글로벌전력GRID인프라
130730,KIWOOM 단기자금
419890,KIWOOM 단기채권ESG액티브
411860,KIWOOM 독일DAX
476450,KIWOOM 머니마켓액티브
430500,KIWOOM 물가채KIS
0190M0,KIWOOM 미국AI테크하이베타
449770,KIWOOM 미국S&P500
0127V0,KIWOOM 미국S&P500 TOP10&배당다우비중전환
0137W0,KIWOOM 미국S&P500&GOLD
0127T0,KIWOOM 미국S&P500&배당다우존스비중전환
449780,KIWOOM 미국S&P500(H)
0137V0,KIWOOM 미국S&P500모멘텀
0107F0,KIWOOM 미국고배당&AI테크
453080,KIWOOM 미국나스닥100(H)
460270,KIWOOM 미국달러SOFR금리액티브(합성)
138230,KIWOOM 미국달러선물
225800,KIWOOM 미국달러선물레버리지
139660,KIWOOM 미국달러선물인버스
230480,KIWOOM 미국달러선물인버스2X
0084E0,KIWOOM 미국대형주500월간목표헤지액티브
373790,KIWOOM 미국방어배당성장나스닥
483030,KIWOOM 미국블록버스터바이오테크의약품+
459790,KIWOOM 미국성장기업30액티브
0174R0,KIWOOM 미국성장다우존스
498270,KIWOOM 미국양자컴퓨팅
474800,KIWOOM 미국원유에너지기업
0084D0,KIWOOM 미국테크100월간목표헤지액티브
104520,KIWOOM 블루칩
0183V0,KIWOOM 삼성전자&SK하이닉스채권혼합50
0194N0,KIWOOM 삼성전자선물단일종목레버리지
0015E0,KIWOOM 엔비디아미국30년국채혼합액티브(H)
483020,KIWOOM 의료AI
200250,KIWOOM 인도Nifty50(합성)
454780,KIWOOM 종합채권(AA-이상)액티브
454180,KIWOOM 차이나내수소비TOP CSI
104530,KIWOOM 코리아고배당
496090,KIWOOM 코리아밸류업
469790,KIWOOM 코리아테크TOP10
316670,KIWOOM 코스닥150
291630,KIWOOM 코스닥150선물레버리지
291620,KIWOOM 코스닥150선물인버스
153270,KIWOOM 코스피100
122260,KIWOOM 통안채1년
0015F0,KIWOOM 팔란티어미국30년국채혼합액티브(H)
0097L0,KIWOOM 한국고배당&미국AI테크
069500,KODEX 200
226980,KODEX 200 중소형
337160,KODEX 200ESG
363580,KODEX 200IT TR
278530,KODEX 200TR
337150,KODEX 200exTOP
223190,KODEX 200가치저변동
252650,KODEX 200동일가중
360140,KODEX 200롱코스닥150숏선물
284430,KODEX 200미국채혼합
252670,KODEX 200선물인버스2X
494890,KODEX 200액티브
498400,KODEX 200타겟위클리커버드콜
0117L0,KODEX 26-12 금융채(AA-이상)액티브
473290,KODEX 26-12 회사채(AA-이상)액티브
0007F0,KODEX 27-12 회사채(AA-이상)액티브
0119H0,KODEX 28-12 회사채(AA-이상)액티브
305720,KODEX 2차전지산업
462330,KODEX 2차전지산업레버리지
461950,KODEX 2차전지핵심소재10
457690,KODEX 33-06 국고채액티브
271060,KODEX 3대농산물선물(H)
457700,KODEX 53-09 국고채액티브
395160,KODEX AI반도체TOP2플러스
471990,KODEX AI반도체핵심장비
487240,KODEX AI전력핵심설비
481050,KODEX CD1년금리플러스액티브(합성)
459580,KODEX CD금리액티브(합성)
439860,KODEX ESG종합채권(A-이상)액티브
266370,KODEX IT
368680,KODEX K-뉴딜디지털플러스
423160,KODEX KOFR금리액티브(합성)
292190,KODEX KRX300
306950,KODEX KRX300레버리지
229720,KODEX KTOP30
266360,KODEX K콘텐츠
291890,KODEX MSCI EM선물(H)
289040,KODEX MSCI KOREA ESG유니버설
156080,KODEX MSCI Korea
278540,KODEX MSCI Korea TR
251350,KODEX MSCI선진국
269420,KODEX S&P글로벌인프라(합성)
0193T0,KODEX SK하이닉스단일종목레버리지
433970,KODEX TDF2030액티브 적격
433980,KODEX TDF2040액티브 적격
434060,KODEX TDF2050액티브 적격
0082V0,KODEX TDF2060액티브 적격
329650,KODEX TRF3070
329660,KODEX TRF5050
329670,KODEX TRF7030
395170,KODEX Top10동일가중
315930,KODEX Top5PlusTR
261220,KODEX WTI원유선물(H)
271050,KODEX WTI원유선물인버스(H)
468370,KODEX iShares미국인플레이션국채액티브
468630,KODEX iShares미국투자등급회사채액티브
468380,KODEX iShares미국하이일드액티브
275290,KODEX 가치주
117700,KODEX 건설
300950,KODEX 게임산업
266390,KODEX 경기소비재
279530,KODEX 고배당주
132030,KODEX 골드선물(H)
280940,KODEX 골드선물인버스(H)
138910,KODEX 구리선물(H)
471230,KODEX 국고채10년액티브
439870,KODEX 국고채30년액티브
114260,KODEX 국고채3년
152380,KODEX 국채선물10년
176950,KODEX 국채선물10년인버스
292770,KODEX 국채선물3년인버스
276990,KODEX 글로벌로봇(합성)
476070,KODEX 글로벌비만치료제TOP2 Plus
0064K0,KODEX 금액티브
0089D0,KODEX 금융고배당TOP10
498410,KODEX 금융고배당TOP10타겟위클리커버드콜
0162M0,KODEX 금융채1~2년(AA-이상)PLUS액티브
102960,KODEX 기계장비
404260,KODEX 기후변화솔루션
273140,KODEX 단기변동금리부채권액티브
153130,KODEX 단기채권
214980,KODEX 단기채권PLUS
487950,KODEX 대만테크고배당다우존스
122630,KODEX 레버리지
445290,KODEX 로봇액티브
488770,KODEX 머니마켓액티브
321410,KODEX 멀티에셋하이인컴(H)
337120,KODEX 멀티팩터
401470,KODEX 메타버스액티브
244620,KODEX 모멘텀Plus
275280,KODEX 모멘텀주
308620,KODEX 미국10년국채선물
0091C0,KODEX 미국10년국채액티브(H)
484790,KODEX 미국30년국채액티브(H)
304660,KODEX 미국30년국채울트라선물(H)
304670,KODEX 미국30년국채울트라선물인버스(H)
481060,KODEX 미국30년국채타겟커버드콜(합성 H)
0173Y0,KODEX 미국AI광통신네트워크
0151S0,KODEX 미국AI반도체TOP3플러스
0041D0,KODEX 미국AI소프트웨어TOP10
487230,KODEX 미국AI전력핵심인프라
485540,KODEX 미국AI테크TOP10
483280,KODEX 미국AI테크TOP10타겟커버드콜
428560,KODEX 미국ETF산업Top10 Indxx
379800,KODEX 미국S&P500
449180,KODEX 미국S&P500(H)
453660,KODEX 미국S&P500경기소비재
453650,KODEX 미국S&P500금융
0005A0,KODEX 미국S&P500데일리커버드콜OTM
276970,KODEX 미국S&P500배당귀족커버드콜(합성 H)
0026E0,KODEX 미국S&P500버퍼3월액티브
0068M0,KODEX 미국S&P500버퍼6월액티브
0089C0,KODEX 미국S&P500변동성확대시커버드콜
200030,KODEX 미국S&P500산업재(합성)
219480,KODEX 미국S&P500선물(H)
0041E0,KODEX 미국S&P500액티브
218420,KODEX 미국S&P500에너지(합성)
463640,KODEX 미국S&P500유틸리티
463690,KODEX 미국S&P500커뮤니케이션
463680,KODEX 미국S&P500테크놀로지
453630,KODEX 미국S&P500필수소비재
453640,KODEX 미국S&P500헬스케어
185680,KODEX 미국S&P바이오(합성)
0028X0,KODEX 미국금융테크액티브
379810,KODEX 미국나스닥100
449190,KODEX 미국나스닥100(H)
494300,KODEX 미국나스닥100데일리커버드콜OTM
409820,KODEX 미국나스닥100레버리지(합성 H)
304940,KODEX 미국나스닥100선물(H)
409810,KODEX 미국나스닥100선물인버스(H)
411420,KODEX 미국나스닥AI테크액티브
455030,KODEX 미국달러SOFR금리액티브(합성)
261240,KODEX 미국달러선물
261250,KODEX 미국달러선물레버리지
261270,KODEX 미국달러선물인버스
261260,KODEX 미국달러선물인버스2X
0144M0,KODEX 미국드론UAM TOP10
280930,KODEX 미국러셀2000(H)
0048J0,KODEX 미국머니마켓액티브
390390,KODEX 미국반도체
489250,KODEX 미국배당다우존스
483290,KODEX 미국배당다우존스타겟커버드콜
441640,KODEX 미국배당커버드콜액티브
352560,KODEX 미국부동산리츠(H)
314250,KODEX 미국빅테크10(H)
473460,KODEX 미국서학개미
0144L0,KODEX 미국성장커버드콜액티브
390400,KODEX 미국스마트모빌리티S&P
0167Z0,KODEX 미국우주항공
0132H0,KODEX 미국원자력SMR
437080,KODEX 미국종합채권ESG액티브(H)
419420,KODEX 미국클린에너지나스닥
491090,KODEX 미국테크TOP3플러스
0038A0,KODEX 미국휴머노이드로봇
244580,KODEX 바이오
091160,KODEX 반도체
494310,KODEX 반도체레버리지
0190G0,KODEX 반도체타겟위클리커버드콜
0080G0,KODEX 방산TOP10
0100K0,KODEX 방산TOP10레버리지
325020,KODEX 배당가치
244670,KODEX 밸류Plus
140700,KODEX 보험
102780,KODEX 삼성그룹
213610,KODEX 삼성그룹밸류
0177N0,KODEX 삼성전자SK하이닉스채권혼합50
0193W0,KODEX 삼성전자단일종목레버리지
448330,KODEX 삼성전자채권혼합
325010,KODEX 성장주
385510,KODEX 신재생에너지액티브
446690,KODEX 아시아AI반도체exChina액티브
437070,KODEX 아시아달러채권ESG플러스액티브
117460,KODEX 에너지화학
275300,KODEX 우량주
140710,KODEX 운송
0098F0,KODEX 원자력SMR
395150,KODEX 웹툰&드라마
456250,KODEX 유럽명품TOP10 STOXX
400570,KODEX 유럽탄소배출권선물ICE(H)
144600,KODEX 은선물(H)
091170,KODEX 은행
453810,KODEX 인도Nifty50
453820,KODEX 인도Nifty50레버리지(합성)
0000H0,KODEX 인도Nifty미드캡100
477730,KODEX 인도타타그룹
114800,KODEX 인버스
101280,KODEX 일본TOPIX100
352540,KODEX 일본부동산리츠(H)
091180,KODEX 자동차
385520,KODEX 자율주행액티브
363570,KODEX 장기종합채권(AA-이상)액티브
0115D0,KODEX 조선TOP10
273130,KODEX 종합채권(AA-이상)액티브
0153K0,KODEX 주주환원고배당주
102970,KODEX 증권
419430,KODEX 차이나2차전지MSCI(합성)
169950,KODEX 차이나A50
0162L0,KODEX 차이나AI반도체TOP10
428510,KODEX 차이나AI테크액티브
283580,KODEX 차이나CSI300
099140,KODEX 차이나H
204450,KODEX 차이나H레버리지(H)
415340,KODEX 차이나과창판STAR50(합성)
256750,KODEX 차이나심천ChiNext(합성)
0065G0,KODEX 차이나테크TOP10
372330,KODEX 차이나항셍테크
0048K0,KODEX 차이나휴머노이드로봇
117680,KODEX 철강
279540,KODEX 최소변동성
445150,KODEX 친환경조선해운액티브
211900,KODEX 코리아배당성장
237370,KODEX 코리아배당성장채권혼합
495850,KODEX 코리아밸류업
0115E0,KODEX 코리아소버린AI
373490,KODEX 코리아혁신성장액티브
229200,KODEX 코스닥150
233740,KODEX 코스닥150레버리지
360150,KODEX 코스닥150롱코스피200숏선물
251340,KODEX 코스닥150선물인버스
461450,KODEX 코스닥글로벌
226490,KODEX 코스피
237350,KODEX 코스피100
359210,KODEX 코스피TR
337140,KODEX 코스피대형주
138920,KODEX 콩선물(H)
244660,KODEX 퀄리티Plus
375770,KODEX 탄소효율그린뉴딜
459560,KODEX 테슬라밸류체인FactSet
475080,KODEX 테슬라커버드콜채권혼합액티브
266410,KODEX 필수소비재
298770,KODEX 한국대만IT프리미어
476800,KODEX 한국부동산리츠인프라
450190,KODEX 한중반도체(합성)
450180,KODEX 한중전기차(합성)
266420,KODEX 헬스케어
364690,KODEX 혁신기술테마액티브
0204D0,KODEX 현대차로보틱스밸류체인TOP3플러스
487130,KoAct AI인프라액티브
0074K0,KoAct K수출핵심기업TOP30액티브
471040,KoAct 글로벌AI&로봇액티브
0174B0,KoAct 글로벌AI메모리반도체액티브
0132D0,KoAct 글로벌K컬처밸류체인액티브
0020H0,KoAct 글로벌양자컴퓨팅액티브
475070,KoAct 글로벌친환경전력인프라액티브
0015B0,KoAct 미국나스닥성장기업액티브
0104H0,KoAct 미국나스닥채권혼합50액티브
0186L0,KoAct 미국로봇피지컬AI액티브
0113G0,KoAct 미국바이오헬스케어액티브
497780,KoAct 미국천연가스인프라액티브
490330,KoAct 미국치매&뇌질환치료제액티브
462900,KoAct 바이오헬스케어액티브
482030,KoAct 반도체&2차전지핵심소재액티브
476850,KoAct 배당성장액티브
0051A0,KoAct 브로드컴밸류체인액티브
0150K0,KoAct 수소전력ESS인프라액티브
0154H0,KoAct 차이나바이오헬스케어액티브
495230,KoAct 코리아밸류업액티브
0163Y0,KoAct 코스닥액티브
0193G0,KoAct 코스피액티브
0093D0,KoAct 팔란티어밸류체인액티브
488290,MIDAS 일본테크액티브
438740,MIDAS 중소형액티브
0191B0,MIDAS 코스닥액티브
403790,MIDAS 코스피액티브
152100,PLUS 200
491220,PLUS 200TR
253150,PLUS 200선물레버리지
253160,PLUS 200선물인버스2X
0203D0,PLUS 200위클리커버드콜채권혼합
395750,PLUS ESG가치주액티브
395760,PLUS ESG성장주액티브
453010,PLUS KOFR금리
429740,PLUS K리츠
449450,PLUS K방산
0104G0,PLUS K방산레버리지
0090B0,PLUS K방산소부장
0166S0,PLUS K제조업핵심기업액티브
269530,PLUS S&P글로벌인프라
433880,PLUS TDF2060액티브 적격
251590,PLUS 고배당저변동50
161510,PLUS 고배당주
0018C0,PLUS 고배당주위클리고정커버드콜
489030,PLUS 고배당주위클리커버드콜
251600,PLUS 고배당주채권혼합
461460,PLUS 국고채10년액티브
451600,PLUS 국고채30년액티브
491230,PLUS 국공채머니마켓액티브
289670,PLUS 국채선물10년
298340,PLUS 국채선물3년
489010,PLUS 글로벌AI인프라
442580,PLUS 글로벌HBM반도체
189400,PLUS 글로벌MSCI(합성 H)
496770,PLUS 글로벌방산
419650,PLUS 글로벌수소&차세대연료전지
0007G0,PLUS 글로벌원자력밸류체인
0166T0,PLUS 글로벌저작권핵심기업액티브
0035T0,PLUS 글로벌휴머노이드로봇액티브
415920,PLUS 글로벌희토류&전략자원생산기업
0138Y0,PLUS 금채권혼합
278620,PLUS 단기채권액티브
477050,PLUS 머니마켓액티브
0050E0,PLUS 미국AI에이전트
429760,PLUS 미국S&P500
269540,PLUS 미국S&P500(H)
0057H0,PLUS 미국S&P500미국채혼합50액티브
494410,PLUS 미국S&P500성장주
0153X0,PLUS 미국고배당주액티브
0089B0,PLUS 미국나스닥100미국채혼합50
287180,PLUS 미국나스닥테크
213630,PLUS 미국다우존스고배당주(합성 H)
332610,PLUS 미국단기회사채(AAA~A)
456200,PLUS 미국달러SOFR금리액티브(합성)
0078V0,PLUS 미국로보택시
494420,PLUS 미국배당증가성장주데일리커버드콜
0023B0,PLUS 미국양자컴퓨팅TOP10
332620,PLUS 미국장기우량회사채
464470,PLUS 미국채30년액티브
461900,PLUS 미국테크TOP10
461910,PLUS 미국테크TOP10레버리지(합성)
0193K0,PLUS 삼성전자단일종목레버리지
0193L0,PLUS 삼성전자선물단일종목인버스2X
195970,PLUS 선진국MSCI(합성 H)
238670,PLUS 스마트베타Quality채권혼합
195980,PLUS 신흥국MSCI(합성 H)
256450,PLUS 심천차이넥스트(합성)
447660,PLUS 애플채권혼합
239660,PLUS 우량회사채50
421320,PLUS 우주항공
0184N0,PLUS 은채권혼합
464920,PLUS 일본반도체소부장
489000,PLUS 일본엔화초단기국채(합성)
0098N0,PLUS 자사주매입고배당주
451000,PLUS 종합채권(AA-이상)액티브
280920,PLUS 주도업종
0184L0,PLUS 중기종합채권(A-이상)액티브
266550,PLUS 중형주저변동50
0047N0,PLUS 차이나AI테크TOP10
0128D0,PLUS 차이나항셍테크위클리타겟커버드콜
495040,PLUS 코리아밸류업
301400,PLUS 코스닥150
301410,PLUS 코스닥150선물인버스
0166N0,PLUS 코스닥150액티브
227830,PLUS 코스피
122090,PLUS 코스피50
328370,PLUS 코스피TR
457990,PLUS 태양광&ESS
0132K0,PLUS 테슬라위클리커버드콜채권혼합
0000J0,PLUS 한화그룹주
148020,RISE 200
361580,RISE 200TR
290080,RISE 200고배당커버드콜ATM
284980,RISE 200금융
252400,RISE 200선물레버리지
252410,RISE 200선물인버스
252420,RISE 200선물인버스2X
475720,RISE 200위클리커버드콜
183700,RISE 200채권혼합50
0122W0,RISE 26-11 회사채(AA-이상)액티브
465330,RISE 2차전지TOP10
465350,RISE 2차전지TOP10인버스(합성)
422420,RISE 2차전지액티브
105780,RISE 5대그룹주
469070,RISE AI&로봇
0093A0,RISE AI반도체TOP10
0101N0,RISE AI전력인프라
427120,RISE AI플랫폼
477080,RISE CD금리액티브(합성)
290130,RISE ESG사회책임투자
326240,RISE IT플러스
385560,RISE KIS국고채30년Enhanced
479520,RISE KOFR금리액티브(합성)
270800,RISE KQ고배당
292050,RISE KRX300
388280,RISE K엔터&여행레저
0192L0,RISE SK하이닉스단일종목레버리지
442550,RISE TDF2030액티브 적격
442560,RISE TDF2040액티브 적격
442570,RISE TDF2050액티브 적격
234310,RISE V&S셀렉트밸류
241390,RISE V&S셀렉트밸류채권혼합
300640,RISE 게임테마
266160,RISE 고배당
481430,RISE 국고채10년액티브
114100,RISE 국고채3년
282000,RISE 국고채3년선물인버스
451670,RISE 국채30년레버리지(합성)
295000,RISE 국채선물10년
295020,RISE 국채선물10년인버스
432600,RISE 국채선물3년
397420,RISE 국채선물5년추종
0114X0,RISE 글로벌게임테크TOP3Plus
437370,RISE 글로벌농업경제
375270,RISE 글로벌데이터센터리츠(합성)
475380,RISE 글로벌리얼티인컴
476310,RISE 글로벌비만산업TOP2+
417450,RISE 글로벌수소경제
442320,RISE 글로벌원자력
461490,RISE 글로벌자산배분액티브
459750,RISE 글로벌주식분산액티브
399580,RISE 글로벌클린에너지
276650,RISE 글로벌테크놀로지(합성 H)
336160,RISE 금융채액티브
326230,RISE 내수주플러스
367760,RISE 네트워크인프라
272560,RISE 단기국공채액티브
385550,RISE 단기채권알파액티브
196230,RISE 단기통안채
0061Z0,RISE 단기특수은행채액티브
315960,RISE 대형고배당10TR
0138D0,RISE 동학개미
455890,RISE 머니마켓액티브
401170,RISE 메타버스
481340,RISE 미국30년국채액티브
472870,RISE 미국30년국채엔화노출(합성 H)
472830,RISE 미국30년국채커버드콜(합성)
485690,RISE 미국AI밸류체인TOP3Plus
490590,RISE 미국AI밸류체인데일리고정커버드콜
0176E0,RISE 미국AI전력인프라액티브
0127R0,RISE 미국AI클라우드인프라
495940,RISE 미국AI테크액티브
379780,RISE 미국S&P500
453330,RISE 미국S&P500(H)
0138T0,RISE 미국S&P500데일리고정커버드콜
0005C0,RISE 미국S&P500엔화노출(합성 H)
460660,RISE 미국S&P배당킹
219390,RISE 미국S&P원유생산기업(합성 H)
0115C0,RISE 미국고배당다우존스TOP10
354240,RISE 미국고정배당우선증권
368590,RISE 미국나스닥100
437350,RISE 미국단기투자등급회사채액티브
455960,RISE 미국달러SOFR금리액티브(합성)
469530,RISE 미국달러선물인버스
469060,RISE 미국반도체NYSE
469050,RISE 미국반도체NYSE(H)
491630,RISE 미국반도체인버스(합성 H)
490600,RISE 미국배당100데일리고정커버드콜
0018Z0,RISE 미국양자컴퓨팅
0013P0,RISE 미국은행TOP10
267440,RISE 미국장기국채선물(H)
267490,RISE 미국장기국채선물레버리지(합성 H)
267450,RISE 미국장기국채선물인버스(H)
0036Z0,RISE 미국천연가스밸류체인
491620,RISE 미국테크100데일리고정커버드콜
0036R0,RISE 미국휴머노이드로봇
0000Z0,RISE 바이오TOP10액티브
446700,RISE 배터리 리사이클링
475350,RISE 버크셔포트폴리오TOP10
388420,RISE 비메모리반도체액티브
448630,RISE 삼성그룹Top3채권혼합
0162Z0,RISE 삼성전자SK하이닉스채권혼합50
0192M0,RISE 삼성전자단일종목레버리지
367770,RISE 수소경제테마
140570,RISE 수출주
0093B0,RISE 엔비디아고정테크100
140580,RISE 우량업종대표주
379790,RISE 유로스탁스50(H)
498610,RISE 인도디지털성장
488480,RISE 일본섹터TOP4Plus
385540,RISE 종합채권(A-이상)액티브
183710,RISE 주식혼합
310080,RISE 중국MSCI China(H)
463300,RISE 중국본토CSI300
174360,RISE 중국본토대형주CSI100
136340,RISE 중기우량회사채
281990,RISE 중소형고배당
272570,RISE 중장기국공채액티브
0164G0,RISE 차이나AI반도체TOP4Plus
250730,RISE 차이나HSCEI(H)
291680,RISE 차이나H선물인버스(H)
0094L0,RISE 차이나테크TOP10위클리타겟커버드콜
371150,RISE 차이나항셍테크
498860,RISE 코리아금융고배당
495050,RISE 코리아밸류업
0094M0,RISE 코리아밸류업위클리고정커버드콜
0151P0,RISE 코리아전략산업액티브
270810,RISE 코스닥150
278240,RISE 코스닥150선물레버리지
275750,RISE 코스닥150선물인버스
302450,RISE 코스피
0047P0,RISE 테슬라고정테크100
0013R0,RISE 테슬라미국채타겟커버드콜혼합(합성)
449580,RISE 테슬라애플아마존채권혼합
334690,RISE 팔라듐선물(H)
334700,RISE 팔라듐선물인버스(H)
0047R0,RISE 팔란티어고정테크100
253280,RISE 헬스케어
253290,RISE 헬스케어채권혼합
0190C0,RISE 현대차고정피지컬AI
411540,SOL 200 Top10
295040,SOL 200TR
0167B0,SOL 200타겟위클리커버드콜
488980,SOL 26-12 회사채(AA-이상)액티브
0092C0,SOL 27-12 회사채(AA-이상)액티브
455860,SOL 2차전지소부장Fn
0167A0,SOL AI반도체TOP2플러스
455850,SOL AI반도체소부장
497880,SOL CD금리&머니마켓액티브
363510,SOL KIS단기통안채
292500,SOL KRX300
404650,SOL KRX기후변화솔루션
490480,SOL K방산
0197W0,SOL SK하이닉스단일종목레버리지
0197X0,SOL SK하이닉스선물단일종목인버스2X
438570,SOL 국고채10년
474390,SOL 국고채30년액티브
438560,SOL 국고채3년
0066W0,SOL 국제금
0022T0,SOL 국제금커버드콜액티브
423170,SOL 글로벌AI반도체탑픽액티브
400590,SOL 글로벌탄소배출권선물ICE(합성)
484880,SOL 금융지주플러스고배당
484890,SOL 머니마켓액티브
461600,SOL 미국30년국채액티브(H)
473330,SOL 미국30년국채커버드콜(합성)
494210,SOL 미국500타겟데일리커버드콜액티브
479620,SOL 미국AI반도체칩메이커
481180,SOL 미국AI소프트웨어
486450,SOL 미국AI전력인프라
433330,SOL 미국S&P500
399110,SOL 미국S&P500ESG
0080X0,SOL 미국S&P500미국채혼합50
499150,SOL 미국S&P500엔화노출(H)
447620,SOL 미국TOP5채권혼합50
476030,SOL 미국나스닥100
0118S0,SOL 미국넥스트테크TOP10액티브
446720,SOL 미국배당다우존스
452360,SOL 미국배당다우존스(H)
493420,SOL 미국배당다우존스2호
490490,SOL 미국배당미국채혼합50
0023A0,SOL 미국양자컴퓨팅TOP10
0181L0,SOL 미국우주항공TOP10
0051G0,SOL 미국원자력SMR
481190,SOL 미국테크TOP10
475300,SOL 반도체전공정
475310,SOL 반도체후공정
0152E0,SOL 배당성향탑픽액티브
400580,SOL 유럽탄소배출권선물S&P(H)
464610,SOL 의료기기소부장Fn
466930,SOL 자동차TOP3플러스
464600,SOL 자동차소부장Fn
0005D0,SOL 전고체배터리&실리콘음극재
466920,SOL 조선TOP3플러스
0080Y0,SOL 조선TOP3플러스레버리지
0141S0,SOL 조선기자재
436140,SOL 종합채권(AA-이상)액티브
0141T0,SOL 중기종합채권(AA-이상)액티브
0016X0,SOL 중단기회사채(A-이상)액티브
220130,SOL 차이나강소기업CSI500(합성 H)
0131A0,SOL 차이나소비트렌드
415760,SOL 차이나육성산업액티브(합성)
413220,SOL 차이나태양광CSI(합성)
469830,SOL 초단기채권액티브
0105E0,SOL 코리아고배당
444200,SOL 코리아메가테크액티브
495550,SOL 코리아밸류업TR
450910,SOL 코스닥150
0192T0,SOL 코스닥TOP10
0192S0,SOL 코스피200채권혼합50
0040X0,SOL 팔란티어미국채커버드콜혼합
0040Y0,SOL 팔란티어커버드콜OTM채권혼합
0105D0,SOL 한국AI소프트웨어
0092B0,SOL 한국원자력SMR
429980,SOL 한국형글로벌전기차&2차전지액티브
0008T0,SOL 화장품TOP3플러스
0139F0,TIGER 12월자동연장금융채(AA-이상)액티브
102110,TIGER 200
139260,TIGER 200 IT
139220,TIGER 200 건설
139290,TIGER 200 경기소비재
139270,TIGER 200 금융
227550,TIGER 200 산업재
227560,TIGER 200 생활소비재
139250,TIGER 200 에너지화학
139230,TIGER 200 중공업
139240,TIGER 200 철강소재
227540,TIGER 200 헬스케어
243880,TIGER 200IT레버리지
310960,TIGER 200TR
252000,TIGER 200동일가중
267770,TIGER 200선물레버리지
252710,TIGER 200선물인버스2X
243890,TIGER 200에너지화학레버리지
315270,TIGER 200커뮤니케이션서비스
289480,TIGER 200커버드콜
166400,TIGER 200커버드콜OTM
0104N0,TIGER 200타겟위클리커버드콜
480260,TIGER 27-04회사채(A+이상)액티브
0094K0,TIGER 28-04 회사채(A+이상)액티브
364980,TIGER 2차전지TOP10
412570,TIGER 2차전지TOP10레버리지
462010,TIGER 2차전지소재Fn
305540,TIGER 2차전지테마
471760,TIGER AI반도체핵심공정
365040,TIGER AI코리아그로스액티브
364960,TIGER BBIG
412560,TIGER BBIG레버리지
475630,TIGER CD1년금리액티브(합성)
357870,TIGER CD금리투자KIS(합성)
499660,TIGER CD금리플러스액티브(합성)
400970,TIGER Fn메타버스
377990,TIGER Fn신재생에너지
417630,TIGER KEDI혁신기업ESG30
449170,TIGER KOFR금리액티브(합성)
292160,TIGER KRX300
0072R0,TIGER KRX금현물
404540,TIGER KRX기후변화솔루션
228820,TIGER KTOP30
300610,TIGER K게임
463250,TIGER K방산&우주
138530,TIGER LG그룹플러스
445910,TIGER MKF배당귀족
289260,TIGER MSCI KOREA ESG리더스
289250,TIGER MSCI KOREA ESG유니버설
310970,TIGER MSCI Korea TR
269370,TIGER S&P글로벌인프라(합성)
248270,TIGER S&P글로벌헬스케어(합성)
0195S0,TIGER SK하이닉스단일종목레버리지
0025N0,TIGER TDF2045 적격
453950,TIGER TSMC파운드리밸류체인
364990,TIGER 게임TOP10
139280,TIGER 경기방어
237440,TIGER 경기방어채권혼합
319640,TIGER 골드선물(H)
0190Y0,TIGER 구글밸류체인
160580,TIGER 구리실물
451530,TIGER 국고채30년스트립액티브
114820,TIGER 국채3년
275980,TIGER 글로벌4차산업혁신기술(합성 H)
464310,TIGER 글로벌AI&로보틱스 INDXX
418670,TIGER 글로벌AI사이버보안
466950,TIGER 글로벌AI액티브
491010,TIGER 글로벌AI전력인프라액티브
412770,TIGER 글로벌AI플랫폼액티브
394670,TIGER 글로벌리튬&2차전지SOLACTIVE(합성)
440340,TIGER 글로벌멀티에셋TIF액티브
476690,TIGER 글로벌비만치료제TOP2Plus
480310,TIGER 글로벌온디바이스AI
387270,TIGER 글로벌이노베이션액티브
276000,TIGER 글로벌자원생산기업(합성 H)
394660,TIGER 글로벌자율주행&전기차SOLACTIVE
371450,TIGER 글로벌클라우드컴퓨팅INDXX
464930,TIGER 글로벌혁신블루칩TOP10
139320,TIGER 금은선물(H)
0168K0,TIGER 기술이전바이오액티브
137610,TIGER 농산물선물Enhanced(H)
182490,TIGER 단기선진하이일드(합성 H)
272580,TIGER 단기채권액티브
157450,TIGER 단기통안채
105010,TIGER 라틴35
123320,TIGER 레버리지
174350,TIGER 로우볼
329200,TIGER 리츠부동산인프라
0086C0,TIGER 리츠부동산인프라10채권혼합액티브
0086B0,TIGER 리츠부동산인프라TOP10액티브
341850,TIGER 리츠부동산인프라채권
0043B0,TIGER 머니마켓액티브
147970,TIGER 모멘텀
458250,TIGER 미국30년국채스트립액티브(합성 H)
476550,TIGER 미국30년국채커버드콜액티브(H)
0142D0,TIGER 미국AI데이터센터TOP4Plus
491830,TIGER 미국AI반도체팹리스
490090,TIGER 미국AI빅테크10
493810,TIGER 미국AI빅테크10타겟데일리커버드콜
0102A0,TIGER 미국AI소프트웨어TOP4Plus
0123G0,TIGER 미국AI전력SMR
182480,TIGER 미국MSCI리츠(합성 H)
360750,TIGER 미국S&P500
448290,TIGER 미국S&P500(H)
488500,TIGER 미국S&P500동일가중
225040,TIGER 미국S&P500레버리지(합성 H)
429000,TIGER 미국S&P500배당귀족
143850,TIGER 미국S&P500선물(H)
225030,TIGER 미국S&P500선물인버스(H)
482730,TIGER 미국S&P500타겟데일리커버드콜
133690,TIGER 미국나스닥100
448300,TIGER 미국나스닥100(H)
418660,TIGER 미국나스닥100레버리지(합성)
435420,TIGER 미국나스닥100채권혼합50
441680,TIGER 미국나스닥100커버드콜(합성)
486290,TIGER 미국나스닥100타겟데일리커버드콜
429010,TIGER 미국나스닥넥스트100
203780,TIGER 미국나스닥바이오
245340,TIGER 미국다우존스30
456610,TIGER 미국달러SOFR금리액티브(합성)
329750,TIGER 미국달러단기채권액티브
261110,TIGER 미국달러선물레버리지
261120,TIGER 미국달러선물인버스2X
494840,TIGER 미국방산TOP10
458730,TIGER 미국배당다우존스
0008S0,TIGER 미국배당다우존스타겟데일리커버드콜
458750,TIGER 미국배당다우존스타겟커버드콜1호
458760,TIGER 미국배당다우존스타겟커버드콜2호
0015K0,TIGER 미국소비트렌드액티브
0183J0,TIGER 미국우주테크
305080,TIGER 미국채10년선물
0046A0,TIGER 미국초단기(3개월이하)국채
465670,TIGER 미국캐시카우100
381170,TIGER 미국테크TOP10 INDXX
472160,TIGER 미국테크TOP10 INDXX(H)
472170,TIGER 미국테크TOP10채권혼합
474220,TIGER 미국테크TOP10타겟커버드콜
458260,TIGER 미국투자등급회사채액티브(H)
497570,TIGER 미국필라델피아AI반도체나스닥
381180,TIGER 미국필라델피아반도체나스닥
423920,TIGER 미국필라델피아반도체레버리지(합성)
228810,TIGER 미디어컨텐츠
364970,TIGER 바이오TOP10
091230,TIGER 반도체
396500,TIGER 반도체TOP10
488080,TIGER 반도체TOP10레버리지
0177R0,TIGER 반도체TOP10커버드콜액티브
211560,TIGER 배당성장
472150,TIGER 배당커버드콜액티브
138520,TIGER 삼성그룹
0195R0,TIGER 삼성전자단일종목레버리지
157490,TIGER 소프트웨어
0000D0,TIGER 엔비디아미국채커버드콜밸런스(합성)
228800,TIGER 여행레저
227570,TIGER 우량가치
438330,TIGER 우량회사채액티브
261140,TIGER 우선주
130680,TIGER 원유선물Enhanced(H)
217770,TIGER 원유선물인버스(H)
195930,TIGER 유로스탁스50(합성 H)
225050,TIGER 유로스탁스레버리지(합성 H)
245350,TIGER 유로스탁스배당30
0189B0,TIGER 은액티브
091220,TIGER 은행
466940,TIGER 은행고배당플러스TOP10
307510,TIGER 의료기기
225060,TIGER 이머징마켓MSCI레버리지(합성 H)
453870,TIGER 인도니프티50
236350,TIGER 인도니프티50레버리지(합성)
479730,TIGER 인도빌리언컨슈머
123310,TIGER 인버스
365000,TIGER 인터넷TOP10
195920,TIGER 일본TOPIX(합성 H)
241180,TIGER 일본니케이225
465660,TIGER 일본반도체FACTSET
292560,TIGER 일본엔선물
494670,TIGER 조선TOP10
451540,TIGER 종합채권(AA-이상)액티브
150460,TIGER 중국소비테마
0192Z0,TIGER 중기종합채권(A-이상)액티브
302190,TIGER 중장기국채
157500,TIGER 증권
307520,TIGER 지주회사
0067Y0,TIGER 차이나AI소프트웨어
192090,TIGER 차이나CSI300
204480,TIGER 차이나CSI300레버리지(합성)
217780,TIGER 차이나CSI300인버스(합성)
245360,TIGER 차이나HSCEI
414780,TIGER 차이나과창판STAR50(합성)
0067V0,TIGER 차이나글로벌리더스TOP3+
371470,TIGER 차이나바이오테크SOLACTIVE
396520,TIGER 차이나반도체FACTSET
371460,TIGER 차이나전기차SOLACTIVE
456680,TIGER 차이나전기차레버리지(합성)
0133E0,TIGER 차이나증권
396510,TIGER 차이나클린에너지SOLACTIVE
0047A0,TIGER 차이나테크TOP10
117690,TIGER 차이나항셍30
371160,TIGER 차이나항셍테크
438320,TIGER 차이나항셍테크레버리지(합성 H)
0053L0,TIGER 차이나휴머노이드로봇
0117V0,TIGER 코리아AI전력기기TOP3플러스
292150,TIGER 코리아TOP10
0052D0,TIGER 코리아배당다우존스
0104P0,TIGER 코리아배당다우존스위클리커버드콜
496080,TIGER 코리아밸류업
0091P0,TIGER 코리아원자력
471780,TIGER 코리아테크액티브
0148J0,TIGER 코리아휴머노이드로봇산업
232080,TIGER 코스닥150
233160,TIGER 코스닥150 레버리지
261060,TIGER 코스닥150IT
261070,TIGER 코스닥150바이오테크
250780,TIGER 코스닥150선물인버스
461580,TIGER 코스닥글로벌
0204S0,TIGER 코스닥액티브
277630,TIGER 코스피
210780,TIGER 코스피고배당
277640,TIGER 코스피대형주
277650,TIGER 코스피중형주
376410,TIGER 탄소효율그린뉴딜
447770,TIGER 테슬라채권혼합Fn
0060H0,TIGER 토탈월드스탁액티브
387280,TIGER 퓨처모빌리티액티브
449690,TIGER 한중반도체(합성)
449680,TIGER 한중전기차(합성)
143860,TIGER 헬스케어
138540,TIGER 현대차그룹플러스
228790,TIGER 화장품
441800,TIME Korea플러스배당액티브
463050,TIME K바이오액티브
404120,TIME K신재생에너지액티브
385710,TIME K이노베이션액티브
410870,TIME K컬처액티브
456600,TIME 글로벌AI인공지능액티브
485810,TIME 글로벌바이오액티브
494180,TIME 글로벌소비트렌드액티브
478150,TIME 글로벌우주테크&방산액티브
0113D0,TIME 글로벌탑픽액티브
0185L0,TIME 글로벌휴머노이드로봇산업액티브
426020,TIME 미국S&P500액티브
426030,TIME 미국나스닥100액티브
0019K0,TIME 미국나스닥100채권혼합50액티브
0036D0,TIME 미국배당다우존스액티브
0043Y0,TIME 차이나AI테크액티브
495060,TIME 코리아밸류업액티브
0162Y0,TIME 코스닥액티브
385720,TIME 코스피액티브
108590,TREX 200
145850,TREX 펀더멘탈 200
472720,TRUSTON 주주가치액티브
496130,TRUSTON 코리아밸류업액티브
0184V0,UNICORN K바이오액티브
433250,UNICORN R&D 액티브
494220,UNICORN SK하이닉스밸류체인액티브
470310,UNICORN 생성형AI강소기업액티브
476000,UNICORN 포스트IPO액티브
422260,VITA MZ소비액티브
448100,WON 200
413930,WON AI ESG액티브
0088N0,WON K-글로벌수급상위
458030,WON 국공채머니마켓액티브
426150,WON 대한민국국고채액티브
0177A0,WON 두산그룹포커스
444490,WON 미국S&P500
489290,WON 미국빌리어네어
440910,WON 미국우주항공방산
474590,WON 반도체밸류체인액티브
0203S0,WON 삼성전자현대차채권혼합50
496020,WON 전단채플러스액티브
488720,WON 종합채권(AA-이상)액티브
0203R0,WON 중단기종합채권(A-이상)액티브
0154F0,WON 초대형IB&금융지주
480460,WON 한국부동산TOP3플러스
0053M0,더제이 중소형포커스액티브
0112X0,마이티 200TR
465780,마이티 26-09 특수채(AAA)액티브
0191M0,마이티 5월만기자동연장특수채(AAA)액티브
442260,마이티 다이나믹퀀트액티브
0001P0,마이티 바이오시밀러&CDMO액티브
159800,마이티 코스피100
0007N0,아이엠에셋 200
462340,에셋플러스 글로벌다이나믹시니어액티브
433220,에셋플러스 글로벌대장장이액티브
451150,에셋플러스 글로벌영에이지액티브
477490,에셋플러스 글로벌일등기업포커스10액티브
407830,에셋플러스 글로벌플랫폼액티브
0002C0,에셋플러스 인도일등기업포커스20액티브
474920,에셋플러스 차이나일등기업포커스10액티브
442090,에셋플러스 코리아대장장이액티브
407820,에셋플러스 코리아플랫폼액티브
152870,파워 200
491510,파워 K-주주가치액티브
192720,파워 고배당저변동성
498180,파워 종합채권(AA-이상)액티브
140950,파워 코스피100
