code,name,schedule,status,title,url,query,excerpt
0182R0,1Q K반도체TOP2+,unknown,search_failed,search failed,https://html.duckduckgo.com/html/,"""1Q K반도체TOP2+"" 기초지수 리밸런싱 정기변경",timed out
0182R0,1Q K반도체TOP2+,unknown,search_failed,search failed,https://html.duckduckgo.com/html/,"""1Q K반도체TOP2+"" 기초지수 방법론 구성종목",timed out
0182R0,1Q K반도체TOP2+,unknown,search_failed,search failed,https://html.duckduckgo.com/html/,"""1Q K반도체TOP2+"" 투자설명서 PDF 기초지수",timed out
0103T0,1Q K소버린AI,unknown,search_failed,search failed,https://html.duckduckgo.com/html/,"""1Q K소버린AI"" 기초지수 리밸런싱 정기변경",timed out
0103T0,1Q K소버린AI,unknown,search_failed,search failed,https://html.duckduckgo.com/html/,"""1Q K소버린AI"" 기초지수 방법론 구성종목",timed out
0103T0,1Q K소버린AI,unknown,search_failed,search failed,https://html.duckduckgo.com/html/,"""1Q K소버린AI"" 투자설명서 PDF 기초지수",timed out
385600,ACE 2차전지&친환경차액티브,unknown,search_failed,search failed,https://html.duckduckgo.com/html/,"""ACE 2차전지&친환경차액티브"" 기초지수 리밸런싱 정기변경",timed out
385600,ACE 2차전지&친환경차액티브,unknown,search_failed,search failed,https://html.duckduckgo.com/html/,"""ACE 2차전지&친환경차액티브"" 기초지수 방법론 구성종목",timed out
385600,ACE 2차전지&친환경차액티브,unknown,search_failed,search failed,https://html.duckduckgo.com/html/,"""ACE 2차전지&친환경차액티브"" 투자설명서 PDF 기초지수",timed out
469150,ACE AI반도체TOP3+,unknown,search_failed,search failed,https://html.duckduckgo.com/html/,"""ACE AI반도체TOP3+"" 기초지수 리밸런싱 정기변경",timed out
469150,ACE AI반도체TOP3+,unknown,search_failed,search failed,https://html.duckduckgo.com/html/,"""ACE AI반도체TOP3+"" 기초지수 방법론 구성종목",timed out
469150,ACE AI반도체TOP3+,unknown,search_failed,search failed,https://html.duckduckgo.com/html/,"""ACE AI반도체TOP3+"" 투자설명서 PDF 기초지수",timed out
0177X0,ACE K휴머노이드로봇산업TOP2+,unknown,search_failed,search failed,https://html.duckduckgo.com/html/,"""ACE K휴머노이드로봇산업TOP2+"" 기초지수 리밸런싱 정기변경",timed out
0177X0,ACE K휴머노이드로봇산업TOP2+,unknown,search_failed,search failed,https://html.duckduckgo.com/html/,"""ACE K휴머노이드로봇산업TOP2+"" 기초지수 방법론 구성종목",timed out
0177X0,ACE K휴머노이드로봇산업TOP2+,unknown,search_failed,search failed,https://html.duckduckgo.com/html/,"""ACE K휴머노이드로봇산업TOP2+"" 투자설명서 PDF 기초지수",timed out
380340,ACE 코리아AI테크핵심산업,unknown,search_failed,search failed,https://html.duckduckgo.com/html/,"""ACE 코리아AI테크핵심산업"" 기초지수 리밸런싱 정기변경",timed out
380340,ACE 코리아AI테크핵심산업,unknown,search_failed,search failed,https://html.duckduckgo.com/html/,"""ACE 코리아AI테크핵심산업"" 기초지수 방법론 구성종목",timed out
380340,ACE 코리아AI테크핵심산업,unknown,search_failed,search failed,https://html.duckduckgo.com/html/,"""ACE 코리아AI테크핵심산업"" 투자설명서 PDF 기초지수",timed out
466810,BNK 2차전지양극재,unknown,search_failed,search failed,https://html.duckduckgo.com/html/,"""BNK 2차전지양극재"" 기초지수 리밸런싱 정기변경",timed out
466810,BNK 2차전지양극재,unknown,search_failed,search failed,https://html.duckduckgo.com/html/,"""BNK 2차전지양극재"" 기초지수 방법론 구성종목",timed out
466810,BNK 2차전지양극재,unknown,search_failed,search failed,https://html.duckduckgo.com/html/,"""BNK 2차전지양극재"" 투자설명서 PDF 기초지수",timed out
487750,BNK 온디바이스AI,unknown,search_failed,search failed,https://html.duckduckgo.com/html/,"""BNK 온디바이스AI"" 기초지수 리밸런싱 정기변경",timed out
487750,BNK 온디바이스AI,unknown,search_failed,search failed,https://html.duckduckgo.com/html/,"""BNK 온디바이스AI"" 기초지수 방법론 구성종목",timed out
487750,BNK 온디바이스AI,unknown,search_failed,search failed,https://html.duckduckgo.com/html/,"""BNK 온디바이스AI"" 투자설명서 PDF 기초지수",timed out
486240,DAISHIN343 AI반도체&인프라액티브,unknown,search_failed,search failed,https://html.duckduckgo.com/html/,"""DAISHIN343 AI반도체&인프라액티브"" 기초지수 리밸런싱 정기변경",timed out
486240,DAISHIN343 AI반도체&인프라액티브,unknown,search_failed,search failed,https://html.duckduckgo.com/html/,"""DAISHIN343 AI반도체&인프라액티브"" 기초지수 방법론 구성종목",timed out
486240,DAISHIN343 AI반도체&인프라액티브,unknown,search_failed,search failed,https://html.duckduckgo.com/html/,"""DAISHIN343 AI반도체&인프라액티브"" 투자설명서 PDF 기초지수",timed out
0189Z0,DAISHIN343 금융&지주고배당,unknown,search_failed,search failed,https://html.duckduckgo.com/html/,"""DAISHIN343 금융&지주고배당"" 기초지수 리밸런싱 정기변경",timed out
0189Z0,DAISHIN343 금융&지주고배당,unknown,search_failed,search failed,https://html.duckduckgo.com/html/,"""DAISHIN343 금융&지주고배당"" 기초지수 방법론 구성종목",timed out
0189Z0,DAISHIN343 금융&지주고배당,unknown,search_failed,search failed,https://html.duckduckgo.com/html/,"""DAISHIN343 금융&지주고배당"" 투자설명서 PDF 기초지수",timed out
395290,HANARO Fn K-POP&미디어,unknown,search_failed,search failed,https://html.duckduckgo.com/html/,"""HANARO Fn K-POP&미디어"" 기초지수 리밸런싱 정기변경",timed out
395290,HANARO Fn K-POP&미디어,unknown,search_failed,search failed,https://html.duckduckgo.com/html/,"""HANARO Fn K-POP&미디어"" 기초지수 방법론 구성종목",timed out
395290,HANARO Fn K-POP&미디어,unknown,search_failed,search failed,https://html.duckduckgo.com/html/,"""HANARO Fn K-POP&미디어"" 투자설명서 PDF 기초지수",timed out
395280,HANARO Fn K-게임,unknown,search_failed,search failed,https://html.duckduckgo.com/html/,"""HANARO Fn K-게임"" 기초지수 리밸런싱 정기변경",timed out
395280,HANARO Fn K-게임,unknown,search_failed,search failed,https://html.duckduckgo.com/html/,"""HANARO Fn K-게임"" 기초지수 방법론 구성종목",timed out
395280,HANARO Fn K-게임,unknown,search_failed,search failed,https://html.duckduckgo.com/html/,"""HANARO Fn K-게임"" 투자설명서 PDF 기초지수",timed out
395270,HANARO Fn K-반도체,unknown,search_failed,search failed,https://html.duckduckgo.com/html/,"""HANARO Fn K-반도체"" 기초지수 리밸런싱 정기변경",timed out
395270,HANARO Fn K-반도체,unknown,search_failed,search failed,https://html.duckduckgo.com/html/,"""HANARO Fn K-반도체"" 기초지수 방법론 구성종목",timed out
395270,HANARO Fn K-반도체,unknown,search_failed,search failed,https://html.duckduckgo.com/html/,"""HANARO Fn K-반도체"" 투자설명서 PDF 기초지수",timed out
441540,HANARO Fn조선해운,unknown,search_failed,search failed,https://html.duckduckgo.com/html/,"""HANARO Fn조선해운"" 기초지수 리밸런싱 정기변경",timed out
441540,HANARO Fn조선해운,unknown,search_failed,search failed,https://html.duckduckgo.com/html/,"""HANARO Fn조선해운"" 기초지수 방법론 구성종목",timed out
441540,HANARO Fn조선해운,unknown,search_failed,search failed,https://html.duckduckgo.com/html/,"""HANARO Fn조선해운"" 투자설명서 PDF 기초지수",timed out
381570,HANARO Fn친환경에너지,unknown,search_failed,search failed,https://html.duckduckgo.com/html/,"""HANARO Fn친환경에너지"" 기초지수 리밸런싱 정기변경",timed out
381570,HANARO Fn친환경에너지,unknown,search_failed,search failed,https://html.duckduckgo.com/html/,"""HANARO Fn친환경에너지"" 기초지수 방법론 구성종목",timed out
381570,HANARO Fn친환경에너지,unknown,search_failed,search failed,https://html.duckduckgo.com/html/,"""HANARO Fn친환경에너지"" 투자설명서 PDF 기초지수",timed out
498050,HANARO 바이오코리아액티브,unknown,search_failed,search failed,https://html.duckduckgo.com/html/,"""HANARO 바이오코리아액티브"" 기초지수 리밸런싱 정기변경",timed out
498050,HANARO 바이오코리아액티브,unknown,search_failed,search failed,https://html.duckduckgo.com/html/,"""HANARO 바이오코리아액티브"" 기초지수 방법론 구성종목",timed out
498050,HANARO 바이오코리아액티브,unknown,search_failed,search failed,https://html.duckduckgo.com/html/,"""HANARO 바이오코리아액티브"" 투자설명서 PDF 기초지수",timed out
476260,HANARO 반도체핵심공정주도주,unknown,search_failed,search failed,https://html.duckduckgo.com/html/,"""HANARO 반도체핵심공정주도주"" 기초지수 리밸런싱 정기변경",timed out
476260,HANARO 반도체핵심공정주도주,unknown,search_failed,search failed,https://html.duckduckgo.com/html/,"""HANARO 반도체핵심공정주도주"" 기초지수 방법론 구성종목",timed out
476260,HANARO 반도체핵심공정주도주,unknown,search_failed,search failed,https://html.duckduckgo.com/html/,"""HANARO 반도체핵심공정주도주"" 투자설명서 PDF 기초지수",timed out
0111J0,HANARO 증권고배당TOP3플러스,unknown,search_failed,search failed,https://html.duckduckgo.com/html/,"""HANARO 증권고배당TOP3플러스"" 기초지수 리밸런싱 정기변경",timed out
0111J0,HANARO 증권고배당TOP3플러스,unknown,search_failed,search failed,https://html.duckduckgo.com/html/,"""HANARO 증권고배당TOP3플러스"" 기초지수 방법론 구성종목",timed out
0111J0,HANARO 증권고배당TOP3플러스,unknown,search_failed,search failed,https://html.duckduckgo.com/html/,"""HANARO 증권고배당TOP3플러스"" 투자설명서 PDF 기초지수",timed out
0005G0,IBK K-AI반도체코어테크,unknown,search_failed,search failed,https://html.duckduckgo.com/html/,"""IBK K-AI반도체코어테크"" 기초지수 리밸런싱 정기변경",timed out
0005G0,IBK K-AI반도체코어테크,unknown,search_failed,search failed,https://html.duckduckgo.com/html/,"""IBK K-AI반도체코어테크"" 기초지수 방법론 구성종목",timed out
0005G0,IBK K-AI반도체코어테크,unknown,search_failed,search failed,https://html.duckduckgo.com/html/,"""IBK K-AI반도체코어테크"" 투자설명서 PDF 기초지수",timed out
483020,KIWOOM 의료AI,unknown,search_failed,search failed,https://html.duckduckgo.com/html/,"""KIWOOM 의료AI"" 기초지수 리밸런싱 정기변경",timed out
483020,KIWOOM 의료AI,unknown,search_failed,search failed,https://html.duckduckgo.com/html/,"""KIWOOM 의료AI"" 기초지수 방법론 구성종목",timed out
483020,KIWOOM 의료AI,unknown,search_failed,search failed,https://html.duckduckgo.com/html/,"""KIWOOM 의료AI"" 투자설명서 PDF 기초지수",timed out
363580,KODEX 200IT TR,unknown,search_failed,search failed,https://html.duckduckgo.com/html/,"""KODEX 200IT TR"" 기초지수 리밸런싱 정기변경",timed out
363580,KODEX 200IT TR,unknown,search_failed,search failed,https://html.duckduckgo.com/html/,"""KODEX 200IT TR"" 기초지수 방법론 구성종목",timed out
363580,KODEX 200IT TR,unknown,search_failed,search failed,https://html.duckduckgo.com/html/,"""KODEX 200IT TR"" 투자설명서 PDF 기초지수",timed out
305720,KODEX 2차전지산업,unknown,search_failed,search failed,https://html.duckduckgo.com/html/,"""KODEX 2차전지산업"" 기초지수 리밸런싱 정기변경",timed out
305720,KODEX 2차전지산업,unknown,search_failed,search failed,https://html.duckduckgo.com/html/,"""KODEX 2차전지산업"" 기초지수 방법론 구성종목",timed out
305720,KODEX 2차전지산업,unknown,search_failed,search failed,https://html.duckduckgo.com/html/,"""KODEX 2차전지산업"" 투자설명서 PDF 기초지수",timed out
462330,KODEX 2차전지산업레버리지,unknown,search_failed,search failed,https://html.duckduckgo.com/html/,"""KODEX 2차전지산업레버리지"" 기초지수 리밸런싱 정기변경",timed out
462330,KODEX 2차전지산업레버리지,unknown,search_failed,search failed,https://html.duckduckgo.com/html/,"""KODEX 2차전지산업레버리지"" 기초지수 방법론 구성종목",timed out
462330,KODEX 2차전지산업레버리지,unknown,search_failed,search failed,https://html.duckduckgo.com/html/,"""KODEX 2차전지산업레버리지"" 투자설명서 PDF 기초지수",timed out
461950,KODEX 2차전지핵심소재10,unknown,search_failed,search failed,https://html.duckduckgo.com/html/,"""KODEX 2차전지핵심소재10"" 기초지수 리밸런싱 정기변경",timed out
461950,KODEX 2차전지핵심소재10,unknown,search_failed,search failed,https://html.duckduckgo.com/html/,"""KODEX 2차전지핵심소재10"" 기초지수 방법론 구성종목",timed out
461950,KODEX 2차전지핵심소재10,unknown,search_failed,search failed,https://html.duckduckgo.com/html/,"""KODEX 2차전지핵심소재10"" 투자설명서 PDF 기초지수",timed out
395160,KODEX AI반도체TOP2플러스,unknown,search_failed,search failed,https://html.duckduckgo.com/html/,"""KODEX AI반도체TOP2플러스"" 기초지수 리밸런싱 정기변경",timed out
395160,KODEX AI반도체TOP2플러스,unknown,search_failed,search failed,https://html.duckduckgo.com/html/,"""KODEX AI반도체TOP2플러스"" 기초지수 방법론 구성종목",timed out
395160,KODEX AI반도체TOP2플러스,unknown,search_failed,search failed,https://html.duckduckgo.com/html/,"""KODEX AI반도체TOP2플러스"" 투자설명서 PDF 기초지수",timed out
471990,KODEX AI반도체핵심장비,unknown,search_failed,search failed,https://html.duckduckgo.com/html/,"""KODEX AI반도체핵심장비"" 기초지수 리밸런싱 정기변경",timed out
471990,KODEX AI반도체핵심장비,unknown,search_failed,search failed,https://html.duckduckgo.com/html/,"""KODEX AI반도체핵심장비"" 기초지수 방법론 구성종목",timed out
471990,KODEX AI반도체핵심장비,unknown,search_failed,search failed,https://html.duckduckgo.com/html/,"""KODEX AI반도체핵심장비"" 투자설명서 PDF 기초지수",timed out
487240,KODEX AI전력핵심설비,unknown,search_failed,search failed,https://html.duckduckgo.com/html/,"""KODEX AI전력핵심설비"" 기초지수 리밸런싱 정기변경",timed out
487240,KODEX AI전력핵심설비,unknown,search_failed,search failed,https://html.duckduckgo.com/html/,"""KODEX AI전력핵심설비"" 기초지수 방법론 구성종목",timed out
487240,KODEX AI전력핵심설비,unknown,search_failed,search failed,https://html.duckduckgo.com/html/,"""KODEX AI전력핵심설비"" 투자설명서 PDF 기초지수",timed out
266370,KODEX IT,unknown,search_failed,search failed,https://html.duckduckgo.com/html/,"""KODEX IT"" 기초지수 리밸런싱 정기변경",timed out
266370,KODEX IT,unknown,search_failed,search failed,https://html.duckduckgo.com/html/,"""KODEX IT"" 기초지수 방법론 구성종목",timed out
266370,KODEX IT,unknown,search_failed,search failed,https://html.duckduckgo.com/html/,"""KODEX IT"" 투자설명서 PDF 기초지수",timed out
117700,KODEX 건설,unknown,search_failed,search failed,https://html.duckduckgo.com/html/,"""KODEX 건설"" 기초지수 리밸런싱 정기변경",timed out
117700,KODEX 건설,unknown,search_failed,search failed,https://html.duckduckgo.com/html/,"""KODEX 건설"" 기초지수 방법론 구성종목",timed out
117700,KODEX 건설,unknown,search_failed,search failed,https://html.duckduckgo.com/html/,"""KODEX 건설"" 투자설명서 PDF 기초지수",timed out
300950,KODEX 게임산업,unknown,search_failed,search failed,https://html.duckduckgo.com/html/,"""KODEX 게임산업"" 기초지수 리밸런싱 정기변경",timed out
300950,KODEX 게임산업,unknown,search_failed,search failed,https://html.duckduckgo.com/html/,"""KODEX 게임산업"" 기초지수 방법론 구성종목",timed out
300950,KODEX 게임산업,unknown,search_failed,search failed,https://html.duckduckgo.com/html/,"""KODEX 게임산업"" 투자설명서 PDF 기초지수",timed out
266390,KODEX 경기소비재,unknown,search_failed,search failed,https://html.duckduckgo.com/html/,"""KODEX 경기소비재"" 기초지수 리밸런싱 정기변경",timed out
266390,KODEX 경기소비재,unknown,search_failed,search failed,https://html.duckduckgo.com/html/,"""KODEX 경기소비재"" 기초지수 방법론 구성종목",timed out
266390,KODEX 경기소비재,unknown,search_failed,search failed,https://html.duckduckgo.com/html/,"""KODEX 경기소비재"" 투자설명서 PDF 기초지수",timed out
0089D0,KODEX 금융고배당TOP10,unknown,search_failed,search failed,https://html.duckduckgo.com/html/,"""KODEX 금융고배당TOP10"" 기초지수 리밸런싱 정기변경",timed out
0089D0,KODEX 금융고배당TOP10,unknown,search_failed,search failed,https://html.duckduckgo.com/html/,"""KODEX 금융고배당TOP10"" 기초지수 방법론 구성종목",timed out
0089D0,KODEX 금융고배당TOP10,unknown,search_failed,search failed,https://html.duckduckgo.com/html/,"""KODEX 금융고배당TOP10"" 투자설명서 PDF 기초지수",timed out
498410,KODEX 금융고배당TOP10타겟위클리커버드콜,unknown,search_failed,search failed,https://html.duckduckgo.com/html/,"""KODEX 금융고배당TOP10타겟위클리커버드콜"" 기초지수 리밸런싱 정기변경",timed out
498410,KODEX 금융고배당TOP10타겟위클리커버드콜,unknown,search_failed,search failed,https://html.duckduckgo.com/html/,"""KODEX 금융고배당TOP10타겟위클리커버드콜"" 기초지수 방법론 구성종목",timed out
498410,KODEX 금융고배당TOP10타겟위클리커버드콜,unknown,search_failed,search failed,https://html.duckduckgo.com/html/,"""KODEX 금융고배당TOP10타겟위클리커버드콜"" 투자설명서 PDF 기초지수",timed out
102960,KODEX 기계장비,unknown,search_failed,search failed,https://html.duckduckgo.com/html/,"""KODEX 기계장비"" 기초지수 리밸런싱 정기변경",timed out
102960,KODEX 기계장비,unknown,search_failed,search failed,https://html.duckduckgo.com/html/,"""KODEX 기계장비"" 기초지수 방법론 구성종목",timed out
102960,KODEX 기계장비,unknown,search_failed,search failed,https://html.duckduckgo.com/html/,"""KODEX 기계장비"" 투자설명서 PDF 기초지수",timed out
445290,KODEX 로봇액티브,unknown,search_failed,search failed,https://html.duckduckgo.com/html/,"""KODEX 로봇액티브"" 기초지수 리밸런싱 정기변경",timed out
445290,KODEX 로봇액티브,unknown,search_failed,search failed,https://html.duckduckgo.com/html/,"""KODEX 로봇액티브"" 기초지수 방법론 구성종목",timed out
445290,KODEX 로봇액티브,unknown,search_failed,search failed,https://html.duckduckgo.com/html/,"""KODEX 로봇액티브"" 투자설명서 PDF 기초지수",timed out
244580,KODEX 바이오,unknown,search_failed,search failed,https://html.duckduckgo.com/html/,"""KODEX 바이오"" 기초지수 리밸런싱 정기변경",timed out
244580,KODEX 바이오,unknown,search_failed,search failed,https://html.duckduckgo.com/html/,"""KODEX 바이오"" 기초지수 방법론 구성종목",timed out
244580,KODEX 바이오,unknown,search_failed,search failed,https://html.duckduckgo.com/html/,"""KODEX 바이오"" 투자설명서 PDF 기초지수",timed out
091160,KODEX 반도체,unknown,search_failed,search failed,https://html.duckduckgo.com/html/,"""KODEX 반도체"" 기초지수 리밸런싱 정기변경",timed out
091160,KODEX 반도체,unknown,search_failed,search failed,https://html.duckduckgo.com/html/,"""KODEX 반도체"" 기초지수 방법론 구성종목",timed out
091160,KODEX 반도체,unknown,search_failed,search failed,https://html.duckduckgo.com/html/,"""KODEX 반도체"" 투자설명서 PDF 기초지수",timed out
494310,KODEX 반도체레버리지,unknown,search_failed,search failed,https://html.duckduckgo.com/html/,"""KODEX 반도체레버리지"" 기초지수 리밸런싱 정기변경",timed out
494310,KODEX 반도체레버리지,unknown,search_failed,search failed,https://html.duckduckgo.com/html/,"""KODEX 반도체레버리지"" 기초지수 방법론 구성종목",timed out
494310,KODEX 반도체레버리지,unknown,search_failed,search failed,https://html.duckduckgo.com/html/,"""KODEX 반도체레버리지"" 투자설명서 PDF 기초지수",timed out
0190G0,KODEX 반도체타겟위클리커버드콜,unknown,search_failed,search failed,https://html.duckduckgo.com/html/,"""KODEX 반도체타겟위클리커버드콜"" 기초지수 리밸런싱 정기변경",timed out
0190G0,KODEX 반도체타겟위클리커버드콜,unknown,search_failed,search failed,https://html.duckduckgo.com/html/,"""KODEX 반도체타겟위클리커버드콜"" 기초지수 방법론 구성종목",timed out
0190G0,KODEX 반도체타겟위클리커버드콜,unknown,search_failed,search failed,https://html.duckduckgo.com/html/,"""KODEX 반도체타겟위클리커버드콜"" 투자설명서 PDF 기초지수",timed out
0080G0,KODEX 방산TOP10,unknown,search_failed,search failed,https://html.duckduckgo.com/html/,"""KODEX 방산TOP10"" 기초지수 리밸런싱 정기변경",timed out
0080G0,KODEX 방산TOP10,unknown,search_failed,search failed,https://html.duckduckgo.com/html/,"""KODEX 방산TOP10"" 기초지수 방법론 구성종목",timed out
0080G0,KODEX 방산TOP10,unknown,search_failed,search failed,https://html.duckduckgo.com/html/,"""KODEX 방산TOP10"" 투자설명서 PDF 기초지수",timed out
0100K0,KODEX 방산TOP10레버리지,unknown,search_failed,search failed,https://html.duckduckgo.com/html/,"""KODEX 방산TOP10레버리지"" 기초지수 리밸런싱 정기변경",timed out
0100K0,KODEX 방산TOP10레버리지,unknown,search_failed,search failed,https://html.duckduckgo.com/html/,"""KODEX 방산TOP10레버리지"" 기초지수 방법론 구성종목",timed out
0100K0,KODEX 방산TOP10레버리지,unknown,search_failed,search failed,https://html.duckduckgo.com/html/,"""KODEX 방산TOP10레버리지"" 투자설명서 PDF 기초지수",timed out
140700,KODEX 보험,unknown,search_failed,search failed,https://html.duckduckgo.com/html/,"""KODEX 보험"" 기초지수 리밸런싱 정기변경",timed out
140700,KODEX 보험,unknown,search_failed,search failed,https://html.duckduckgo.com/html/,"""KODEX 보험"" 기초지수 방법론 구성종목",timed out
140700,KODEX 보험,unknown,search_failed,search failed,https://html.duckduckgo.com/html/,"""KODEX 보험"" 투자설명서 PDF 기초지수",timed out
385510,KODEX 신재생에너지액티브,unknown,search_failed,search failed,https://html.duckduckgo.com/html/,"""KODEX 신재생에너지액티브"" 기초지수 리밸런싱 정기변경",timed out
385510,KODEX 신재생에너지액티브,unknown,search_failed,search failed,https://html.duckduckgo.com/html/,"""KODEX 신재생에너지액티브"" 기초지수 방법론 구성종목",timed out
385510,KODEX 신재생에너지액티브,unknown,search_failed,search failed,https://html.duckduckgo.com/html/,"""KODEX 신재생에너지액티브"" 투자설명서 PDF 기초지수",timed out
117460,KODEX 에너지화학,unknown,search_failed,search failed,https://html.duckduckgo.com/html/,"""KODEX 에너지화학"" 기초지수 리밸런싱 정기변경",timed out
117460,KODEX 에너지화학,unknown,search_failed,search failed,https://html.duckduckgo.com/html/,"""KODEX 에너지화학"" 기초지수 방법론 구성종목",timed out
117460,KODEX 에너지화학,unknown,search_failed,search failed,https://html.duckduckgo.com/html/,"""KODEX 에너지화학"" 투자설명서 PDF 기초지수",timed out
140710,KODEX 운송,unknown,search_failed,search failed,https://html.duckduckgo.com/html/,"""KODEX 운송"" 기초지수 리밸런싱 정기변경",timed out
140710,KODEX 운송,unknown,search_failed,search failed,https://html.duckduckgo.com/html/,"""KODEX 운송"" 기초지수 방법론 구성종목",timed out
140710,KODEX 운송,unknown,search_failed,search failed,https://html.duckduckgo.com/html/,"""KODEX 운송"" 투자설명서 PDF 기초지수",timed out
091170,KODEX 은행,unknown,search_failed,search failed,https://html.duckduckgo.com/html/,"""KODEX 은행"" 기초지수 리밸런싱 정기변경",timed out
091170,KODEX 은행,unknown,search_failed,search failed,https://html.duckduckgo.com/html/,"""KODEX 은행"" 기초지수 방법론 구성종목",timed out
091170,KODEX 은행,unknown,search_failed,search failed,https://html.duckduckgo.com/html/,"""KODEX 은행"" 투자설명서 PDF 기초지수",timed out
091180,KODEX 자동차,unknown,search_failed,search failed,https://html.duckduckgo.com/html/,"""KODEX 자동차"" 기초지수 리밸런싱 정기변경",timed out
091180,KODEX 자동차,unknown,search_failed,search failed,https://html.duckduckgo.com/html/,"""KODEX 자동차"" 기초지수 방법론 구성종목",timed out
091180,KODEX 자동차,unknown,search_failed,search failed,https://html.duckduckgo.com/html/,"""KODEX 자동차"" 투자설명서 PDF 기초지수",timed out
0115D0,KODEX 조선TOP10,unknown,search_failed,search failed,https://html.duckduckgo.com/html/,"""KODEX 조선TOP10"" 기초지수 리밸런싱 정기변경",timed out
0115D0,KODEX 조선TOP10,unknown,search_failed,search failed,https://html.duckduckgo.com/html/,"""KODEX 조선TOP10"" 기초지수 방법론 구성종목",timed out
0115D0,KODEX 조선TOP10,unknown,search_failed,search failed,https://html.duckduckgo.com/html/,"""KODEX 조선TOP10"" 투자설명서 PDF 기초지수",timed out
102970,KODEX 증권,unknown,search_failed,search failed,https://html.duckduckgo.com/html/,"""KODEX 증권"" 기초지수 리밸런싱 정기변경",timed out
102970,KODEX 증권,unknown,search_failed,search failed,https://html.duckduckgo.com/html/,"""KODEX 증권"" 기초지수 방법론 구성종목",timed out
102970,KODEX 증권,unknown,search_failed,search failed,https://html.duckduckgo.com/html/,"""KODEX 증권"" 투자설명서 PDF 기초지수",timed out
117680,KODEX 철강,unknown,search_failed,search failed,https://html.duckduckgo.com/html/,"""KODEX 철강"" 기초지수 리밸런싱 정기변경",timed out
117680,KODEX 철강,unknown,search_failed,search failed,https://html.duckduckgo.com/html/,"""KODEX 철강"" 기초지수 방법론 구성종목",timed out
117680,KODEX 철강,unknown,search_failed,search failed,https://html.duckduckgo.com/html/,"""KODEX 철강"" 투자설명서 PDF 기초지수",timed out
445150,KODEX 친환경조선해운액티브,unknown,search_failed,search failed,https://html.duckduckgo.com/html/,"""KODEX 친환경조선해운액티브"" 기초지수 리밸런싱 정기변경",timed out
445150,KODEX 친환경조선해운액티브,unknown,search_failed,search failed,https://html.duckduckgo.com/html/,"""KODEX 친환경조선해운액티브"" 기초지수 방법론 구성종목",timed out
445150,KODEX 친환경조선해운액티브,unknown,search_failed,search failed,https://html.duckduckgo.com/html/,"""KODEX 친환경조선해운액티브"" 투자설명서 PDF 기초지수",timed out
0115E0,KODEX 코리아소버린AI,unknown,search_failed,search failed,https://html.duckduckgo.com/html/,"""KODEX 코리아소버린AI"" 기초지수 리밸런싱 정기변경",timed out
0115E0,KODEX 코리아소버린AI,unknown,search_failed,search failed,https://html.duckduckgo.com/html/,"""KODEX 코리아소버린AI"" 기초지수 방법론 구성종목",timed out
0115E0,KODEX 코리아소버린AI,unknown,search_failed,search failed,https://html.duckduckgo.com/html/,"""KODEX 코리아소버린AI"" 투자설명서 PDF 기초지수",timed out
266410,KODEX 필수소비재,unknown,search_failed,search failed,https://html.duckduckgo.com/html/,"""KODEX 필수소비재"" 기초지수 리밸런싱 정기변경",timed out
266410,KODEX 필수소비재,unknown,search_failed,search failed,https://html.duckduckgo.com/html/,"""KODEX 필수소비재"" 기초지수 방법론 구성종목",timed out
266410,KODEX 필수소비재,unknown,search_failed,search failed,https://html.duckduckgo.com/html/,"""KODEX 필수소비재"" 투자설명서 PDF 기초지수",timed out
266420,KODEX 헬스케어,unknown,search_failed,search failed,https://html.duckduckgo.com/html/,"""KODEX 헬스케어"" 기초지수 리밸런싱 정기변경",timed out
266420,KODEX 헬스케어,unknown,search_failed,search failed,https://html.duckduckgo.com/html/,"""KODEX 헬스케어"" 기초지수 방법론 구성종목",timed out
266420,KODEX 헬스케어,unknown,search_failed,search failed,https://html.duckduckgo.com/html/,"""KODEX 헬스케어"" 투자설명서 PDF 기초지수",timed out
487130,KoAct AI인프라액티브,unknown,search_failed,search failed,https://html.duckduckgo.com/html/,"""KoAct AI인프라액티브"" 기초지수 리밸런싱 정기변경",timed out
487130,KoAct AI인프라액티브,unknown,search_failed,search failed,https://html.duckduckgo.com/html/,"""KoAct AI인프라액티브"" 기초지수 방법론 구성종목",timed out
487130,KoAct AI인프라액티브,unknown,search_failed,search failed,https://html.duckduckgo.com/html/,"""KoAct AI인프라액티브"" 투자설명서 PDF 기초지수",timed out
462900,KoAct 바이오헬스케어액티브,unknown,search_failed,search failed,https://html.duckduckgo.com/html/,"""KoAct 바이오헬스케어액티브"" 기초지수 리밸런싱 정기변경",timed out
462900,KoAct 바이오헬스케어액티브,unknown,search_failed,search failed,https://html.duckduckgo.com/html/,"""KoAct 바이오헬스케어액티브"" 기초지수 방법론 구성종목",timed out
462900,KoAct 바이오헬스케어액티브,unknown,search_failed,search failed,https://html.duckduckgo.com/html/,"""KoAct 바이오헬스케어액티브"" 투자설명서 PDF 기초지수",timed out
482030,KoAct 반도체&2차전지핵심소재액티브,unknown,search_failed,search failed,https://html.duckduckgo.com/html/,"""KoAct 반도체&2차전지핵심소재액티브"" 기초지수 리밸런싱 정기변경",timed out
482030,KoAct 반도체&2차전지핵심소재액티브,unknown,search_failed,search failed,https://html.duckduckgo.com/html/,"""KoAct 반도체&2차전지핵심소재액티브"" 기초지수 방법론 구성종목",timed out
482030,KoAct 반도체&2차전지핵심소재액티브,unknown,search_failed,search failed,https://html.duckduckgo.com/html/,"""KoAct 반도체&2차전지핵심소재액티브"" 투자설명서 PDF 기초지수",timed out
284980,RISE 200금융,unknown,search_failed,search failed,https://html.duckduckgo.com/html/,"""RISE 200금융"" 기초지수 리밸런싱 정기변경",timed out
284980,RISE 200금융,unknown,search_failed,search failed,https://html.duckduckgo.com/html/,"""RISE 200금융"" 기초지수 방법론 구성종목",timed out
284980,RISE 200금융,unknown,search_failed,search failed,https://html.duckduckgo.com/html/,"""RISE 200금융"" 투자설명서 PDF 기초지수",timed out
465330,RISE 2차전지TOP10,unknown,search_failed,search failed,https://html.duckduckgo.com/html/,"""RISE 2차전지TOP10"" 기초지수 리밸런싱 정기변경",timed out
465330,RISE 2차전지TOP10,unknown,search_failed,search failed,https://html.duckduckgo.com/html/,"""RISE 2차전지TOP10"" 기초지수 방법론 구성종목",timed out
465330,RISE 2차전지TOP10,unknown,search_failed,search failed,https://html.duckduckgo.com/html/,"""RISE 2차전지TOP10"" 투자설명서 PDF 기초지수",timed out
465350,RISE 2차전지TOP10인버스(합성),unknown,search_failed,search failed,https://html.duckduckgo.com/html/,"""RISE 2차전지TOP10인버스(합성)"" 기초지수 리밸런싱 정기변경",timed out
465350,RISE 2차전지TOP10인버스(합성),unknown,search_failed,search failed,https://html.duckduckgo.com/html/,"""RISE 2차전지TOP10인버스(합성)"" 기초지수 방법론 구성종목",timed out
465350,RISE 2차전지TOP10인버스(합성),unknown,search_failed,search failed,https://html.duckduckgo.com/html/,"""RISE 2차전지TOP10인버스(합성)"" 투자설명서 PDF 기초지수",timed out
422420,RISE 2차전지액티브,unknown,search_failed,search failed,https://html.duckduckgo.com/html/,"""RISE 2차전지액티브"" 기초지수 리밸런싱 정기변경",timed out
422420,RISE 2차전지액티브,unknown,search_failed,search failed,https://html.duckduckgo.com/html/,"""RISE 2차전지액티브"" 기초지수 방법론 구성종목",timed out
422420,RISE 2차전지액티브,unknown,search_failed,search failed,https://html.duckduckgo.com/html/,"""RISE 2차전지액티브"" 투자설명서 PDF 기초지수",timed out
469070,RISE AI&로봇,unknown,search_failed,search failed,https://html.duckduckgo.com/html/,"""RISE AI&로봇"" 기초지수 리밸런싱 정기변경",timed out
469070,RISE AI&로봇,unknown,search_failed,search failed,https://html.duckduckgo.com/html/,"""RISE AI&로봇"" 기초지수 방법론 구성종목",timed out
469070,RISE AI&로봇,unknown,search_failed,search failed,https://html.duckduckgo.com/html/,"""RISE AI&로봇"" 투자설명서 PDF 기초지수",timed out
0093A0,RISE AI반도체TOP10,unknown,search_failed,search failed,https://html.duckduckgo.com/html/,"""RISE AI반도체TOP10"" 기초지수 리밸런싱 정기변경",timed out
0093A0,RISE AI반도체TOP10,unknown,search_failed,search failed,https://html.duckduckgo.com/html/,"""RISE AI반도체TOP10"" 기초지수 방법론 구성종목",timed out
0093A0,RISE AI반도체TOP10,unknown,search_failed,search failed,https://html.duckduckgo.com/html/,"""RISE AI반도체TOP10"" 투자설명서 PDF 기초지수",timed out
0101N0,RISE AI전력인프라,unknown,search_failed,search failed,https://html.duckduckgo.com/html/,"""RISE AI전력인프라"" 기초지수 리밸런싱 정기변경",timed out
0101N0,RISE AI전력인프라,unknown,search_failed,search failed,https://html.duckduckgo.com/html/,"""RISE AI전력인프라"" 기초지수 방법론 구성종목",timed out
0101N0,RISE AI전력인프라,unknown,search_failed,search failed,https://html.duckduckgo.com/html/,"""RISE AI전력인프라"" 투자설명서 PDF 기초지수",timed out
427120,RISE AI플랫폼,unknown,search_failed,search failed,https://html.duckduckgo.com/html/,"""RISE AI플랫폼"" 기초지수 리밸런싱 정기변경",timed out
427120,RISE AI플랫폼,unknown,search_failed,search failed,https://html.duckduckgo.com/html/,"""RISE AI플랫폼"" 기초지수 방법론 구성종목",timed out
427120,RISE AI플랫폼,unknown,search_failed,search failed,https://html.duckduckgo.com/html/,"""RISE AI플랫폼"" 투자설명서 PDF 기초지수",timed out
326240,RISE IT플러스,unknown,search_failed,search failed,https://html.duckduckgo.com/html/,"""RISE IT플러스"" 기초지수 리밸런싱 정기변경",timed out
326240,RISE IT플러스,unknown,search_failed,search failed,https://html.duckduckgo.com/html/,"""RISE IT플러스"" 기초지수 방법론 구성종목",timed out
326240,RISE IT플러스,unknown,search_failed,search failed,https://html.duckduckgo.com/html/,"""RISE IT플러스"" 투자설명서 PDF 기초지수",timed out
388280,RISE K엔터&여행레저,unknown,search_failed,search failed,https://html.duckduckgo.com/html/,"""RISE K엔터&여행레저"" 기초지수 리밸런싱 정기변경",timed out
388280,RISE K엔터&여행레저,unknown,search_failed,search failed,https://html.duckduckgo.com/html/,"""RISE K엔터&여행레저"" 기초지수 방법론 구성종목",timed out
388280,RISE K엔터&여행레저,unknown,search_failed,search failed,https://html.duckduckgo.com/html/,"""RISE K엔터&여행레저"" 투자설명서 PDF 기초지수",timed out
300640,RISE 게임테마,unknown,search_failed,search failed,https://html.duckduckgo.com/html/,"""RISE 게임테마"" 기초지수 리밸런싱 정기변경",timed out
300640,RISE 게임테마,unknown,search_failed,search failed,https://html.duckduckgo.com/html/,"""RISE 게임테마"" 기초지수 방법론 구성종목",timed out
300640,RISE 게임테마,unknown,search_failed,search failed,https://html.duckduckgo.com/html/,"""RISE 게임테마"" 투자설명서 PDF 기초지수",timed out
0000Z0,RISE 바이오TOP10액티브,unknown,search_failed,search failed,https://html.duckduckgo.com/html/,"""RISE 바이오TOP10액티브"" 기초지수 리밸런싱 정기변경",timed out
0000Z0,RISE 바이오TOP10액티브,unknown,search_failed,search failed,https://html.duckduckgo.com/html/,"""RISE 바이오TOP10액티브"" 기초지수 방법론 구성종목",timed out
0000Z0,RISE 바이오TOP10액티브,unknown,search_failed,search failed,https://html.duckduckgo.com/html/,"""RISE 바이오TOP10액티브"" 투자설명서 PDF 기초지수",timed out
446700,RISE 배터리 리사이클링,unknown,search_failed,search failed,https://html.duckduckgo.com/html/,"""RISE 배터리 리사이클링"" 기초지수 리밸런싱 정기변경",timed out
446700,RISE 배터리 리사이클링,unknown,search_failed,search failed,https://html.duckduckgo.com/html/,"""RISE 배터리 리사이클링"" 기초지수 방법론 구성종목",timed out
446700,RISE 배터리 리사이클링,unknown,search_failed,search failed,https://html.duckduckgo.com/html/,"""RISE 배터리 리사이클링"" 투자설명서 PDF 기초지수",timed out
388420,RISE 비메모리반도체액티브,unknown,search_failed,search failed,https://html.duckduckgo.com/html/,"""RISE 비메모리반도체액티브"" 기초지수 리밸런싱 정기변경",timed out
388420,RISE 비메모리반도체액티브,unknown,search_failed,search failed,https://html.duckduckgo.com/html/,"""RISE 비메모리반도체액티브"" 기초지수 방법론 구성종목",timed out
388420,RISE 비메모리반도체액티브,unknown,search_failed,search failed,https://html.duckduckgo.com/html/,"""RISE 비메모리반도체액티브"" 투자설명서 PDF 기초지수",timed out
498860,RISE 코리아금융고배당,unknown,search_failed,search failed,https://html.duckduckgo.com/html/,"""RISE 코리아금융고배당"" 기초지수 리밸런싱 정기변경",timed out
498860,RISE 코리아금융고배당,unknown,search_failed,search failed,https://html.duckduckgo.com/html/,"""RISE 코리아금융고배당"" 기초지수 방법론 구성종목",timed out
498860,RISE 코리아금융고배당,unknown,search_failed,search failed,https://html.duckduckgo.com/html/,"""RISE 코리아금융고배당"" 투자설명서 PDF 기초지수",timed out
253280,RISE 헬스케어,unknown,search_failed,search failed,https://html.duckduckgo.com/html/,"""RISE 헬스케어"" 기초지수 리밸런싱 정기변경",timed out
253280,RISE 헬스케어,unknown,search_failed,search failed,https://html.duckduckgo.com/html/,"""RISE 헬스케어"" 기초지수 방법론 구성종목",timed out
253280,RISE 헬스케어,unknown,search_failed,search failed,https://html.duckduckgo.com/html/,"""RISE 헬스케어"" 투자설명서 PDF 기초지수",timed out
0190C0,RISE 현대차고정피지컬AI,unknown,search_failed,search failed,https://html.duckduckgo.com/html/,"""RISE 현대차고정피지컬AI"" 기초지수 리밸런싱 정기변경",timed out
0190C0,RISE 현대차고정피지컬AI,unknown,search_failed,search failed,https://html.duckduckgo.com/html/,"""RISE 현대차고정피지컬AI"" 기초지수 방법론 구성종목",timed out
0190C0,RISE 현대차고정피지컬AI,unknown,search_failed,search failed,https://html.duckduckgo.com/html/,"""RISE 현대차고정피지컬AI"" 투자설명서 PDF 기초지수",timed out
455860,SOL 2차전지소부장Fn,unknown,search_failed,search failed,https://html.duckduckgo.com/html/,"""SOL 2차전지소부장Fn"" 기초지수 리밸런싱 정기변경",timed out
455860,SOL 2차전지소부장Fn,unknown,search_failed,search failed,https://html.duckduckgo.com/html/,"""SOL 2차전지소부장Fn"" 기초지수 방법론 구성종목",timed out
455860,SOL 2차전지소부장Fn,unknown,search_failed,search failed,https://html.duckduckgo.com/html/,"""SOL 2차전지소부장Fn"" 투자설명서 PDF 기초지수",timed out
0167A0,SOL AI반도체TOP2플러스,unknown,search_failed,search failed,https://html.duckduckgo.com/html/,"""SOL AI반도체TOP2플러스"" 기초지수 리밸런싱 정기변경",timed out
0167A0,SOL AI반도체TOP2플러스,unknown,search_failed,search failed,https://html.duckduckgo.com/html/,"""SOL AI반도체TOP2플러스"" 기초지수 방법론 구성종목",timed out
0167A0,SOL AI반도체TOP2플러스,unknown,search_failed,search failed,https://html.duckduckgo.com/html/,"""SOL AI반도체TOP2플러스"" 투자설명서 PDF 기초지수",timed out
455850,SOL AI반도체소부장,unknown,search_failed,search failed,https://html.duckduckgo.com/html/,"""SOL AI반도체소부장"" 기초지수 리밸런싱 정기변경",timed out
455850,SOL AI반도체소부장,unknown,search_failed,search failed,https://html.duckduckgo.com/html/,"""SOL AI반도체소부장"" 기초지수 방법론 구성종목",timed out
455850,SOL AI반도체소부장,unknown,search_failed,search failed,https://html.duckduckgo.com/html/,"""SOL AI반도체소부장"" 투자설명서 PDF 기초지수",timed out
490480,SOL K방산,unknown,search_failed,search failed,https://html.duckduckgo.com/html/,"""SOL K방산"" 기초지수 리밸런싱 정기변경",timed out
490480,SOL K방산,unknown,search_failed,search failed,https://html.duckduckgo.com/html/,"""SOL K방산"" 기초지수 방법론 구성종목",timed out
490480,SOL K방산,unknown,search_failed,search failed,https://html.duckduckgo.com/html/,"""SOL K방산"" 투자설명서 PDF 기초지수",timed out
484880,SOL 금융지주플러스고배당,unknown,search_failed,search failed,https://html.duckduckgo.com/html/,"""SOL 금융지주플러스고배당"" 기초지수 리밸런싱 정기변경",timed out
484880,SOL 금융지주플러스고배당,unknown,search_failed,search failed,https://html.duckduckgo.com/html/,"""SOL 금융지주플러스고배당"" 기초지수 방법론 구성종목",timed out
484880,SOL 금융지주플러스고배당,unknown,search_failed,search failed,https://html.duckduckgo.com/html/,"""SOL 금융지주플러스고배당"" 투자설명서 PDF 기초지수",timed out
475300,SOL 반도체전공정,unknown,search_failed,search failed,https://html.duckduckgo.com/html/,"""SOL 반도체전공정"" 기초지수 리밸런싱 정기변경",timed out
475300,SOL 반도체전공정,unknown,search_failed,search failed,https://html.duckduckgo.com/html/,"""SOL 반도체전공정"" 기초지수 방법론 구성종목",timed out
475300,SOL 반도체전공정,unknown,search_failed,search failed,https://html.duckduckgo.com/html/,"""SOL 반도체전공정"" 투자설명서 PDF 기초지수",timed out
475310,SOL 반도체후공정,unknown,search_failed,search failed,https://html.duckduckgo.com/html/,"""SOL 반도체후공정"" 기초지수 리밸런싱 정기변경",timed out
475310,SOL 반도체후공정,unknown,search_failed,search failed,https://html.duckduckgo.com/html/,"""SOL 반도체후공정"" 기초지수 방법론 구성종목",timed out
475310,SOL 반도체후공정,unknown,search_failed,search failed,https://html.duckduckgo.com/html/,"""SOL 반도체후공정"" 투자설명서 PDF 기초지수",timed out
464610,SOL 의료기기소부장Fn,unknown,search_failed,search failed,https://html.duckduckgo.com/html/,"""SOL 의료기기소부장Fn"" 기초지수 리밸런싱 정기변경",timed out
464610,SOL 의료기기소부장Fn,unknown,search_failed,search failed,https://html.duckduckgo.com/html/,"""SOL 의료기기소부장Fn"" 기초지수 방법론 구성종목",timed out
464610,SOL 의료기기소부장Fn,unknown,search_failed,search failed,https://html.duckduckgo.com/html/,"""SOL 의료기기소부장Fn"" 투자설명서 PDF 기초지수",timed out
466930,SOL 자동차TOP3플러스,unknown,search_failed,search failed,https://html.duckduckgo.com/html/,"""SOL 자동차TOP3플러스"" 기초지수 리밸런싱 정기변경",timed out
466930,SOL 자동차TOP3플러스,unknown,search_failed,search failed,https://html.duckduckgo.com/html/,"""SOL 자동차TOP3플러스"" 기초지수 방법론 구성종목",timed out
466930,SOL 자동차TOP3플러스,unknown,search_failed,search failed,https://html.duckduckgo.com/html/,"""SOL 자동차TOP3플러스"" 투자설명서 PDF 기초지수",timed out
464600,SOL 자동차소부장Fn,unknown,search_failed,search failed,https://html.duckduckgo.com/html/,"""SOL 자동차소부장Fn"" 기초지수 리밸런싱 정기변경",timed out
464600,SOL 자동차소부장Fn,unknown,search_failed,search failed,https://html.duckduckgo.com/html/,"""SOL 자동차소부장Fn"" 기초지수 방법론 구성종목",timed out
464600,SOL 자동차소부장Fn,unknown,search_failed,search failed,https://html.duckduckgo.com/html/,"""SOL 자동차소부장Fn"" 투자설명서 PDF 기초지수",timed out
0005D0,SOL 전고체배터리&실리콘음극재,unknown,search_failed,search failed,https://html.duckduckgo.com/html/,"""SOL 전고체배터리&실리콘음극재"" 기초지수 리밸런싱 정기변경",timed out
0005D0,SOL 전고체배터리&실리콘음극재,unknown,search_failed,search failed,https://html.duckduckgo.com/html/,"""SOL 전고체배터리&실리콘음극재"" 기초지수 방법론 구성종목",timed out
0005D0,SOL 전고체배터리&실리콘음극재,unknown,search_failed,search failed,https://html.duckduckgo.com/html/,"""SOL 전고체배터리&실리콘음극재"" 투자설명서 PDF 기초지수",timed out
466920,SOL 조선TOP3플러스,unknown,search_failed,search failed,https://html.duckduckgo.com/html/,"""SOL 조선TOP3플러스"" 기초지수 리밸런싱 정기변경",timed out
466920,SOL 조선TOP3플러스,unknown,search_failed,search failed,https://html.duckduckgo.com/html/,"""SOL 조선TOP3플러스"" 기초지수 방법론 구성종목",timed out
466920,SOL 조선TOP3플러스,unknown,search_failed,search failed,https://html.duckduckgo.com/html/,"""SOL 조선TOP3플러스"" 투자설명서 PDF 기초지수",timed out
0080Y0,SOL 조선TOP3플러스레버리지,unknown,search_failed,search failed,https://html.duckduckgo.com/html/,"""SOL 조선TOP3플러스레버리지"" 기초지수 리밸런싱 정기변경",timed out
0080Y0,SOL 조선TOP3플러스레버리지,unknown,search_failed,search failed,https://html.duckduckgo.com/html/,"""SOL 조선TOP3플러스레버리지"" 기초지수 방법론 구성종목",timed out
0080Y0,SOL 조선TOP3플러스레버리지,unknown,search_failed,search failed,https://html.duckduckgo.com/html/,"""SOL 조선TOP3플러스레버리지"" 투자설명서 PDF 기초지수",timed out
0141S0,SOL 조선기자재,unknown,search_failed,search failed,https://html.duckduckgo.com/html/,"""SOL 조선기자재"" 기초지수 리밸런싱 정기변경",timed out
0141S0,SOL 조선기자재,unknown,search_failed,search failed,https://html.duckduckgo.com/html/,"""SOL 조선기자재"" 기초지수 방법론 구성종목",timed out
0141S0,SOL 조선기자재,unknown,search_failed,search failed,https://html.duckduckgo.com/html/,"""SOL 조선기자재"" 투자설명서 PDF 기초지수",timed out
0105D0,SOL 한국AI소프트웨어,unknown,search_failed,search failed,https://html.duckduckgo.com/html/,"""SOL 한국AI소프트웨어"" 기초지수 리밸런싱 정기변경",timed out
0105D0,SOL 한국AI소프트웨어,unknown,search_failed,search failed,https://html.duckduckgo.com/html/,"""SOL 한국AI소프트웨어"" 기초지수 방법론 구성종목",timed out
0105D0,SOL 한국AI소프트웨어,unknown,search_failed,search failed,https://html.duckduckgo.com/html/,"""SOL 한국AI소프트웨어"" 투자설명서 PDF 기초지수",timed out
0008T0,SOL 화장품TOP3플러스,unknown,search_failed,search failed,https://html.duckduckgo.com/html/,"""SOL 화장품TOP3플러스"" 기초지수 리밸런싱 정기변경",timed out
0008T0,SOL 화장품TOP3플러스,unknown,search_failed,search failed,https://html.duckduckgo.com/html/,"""SOL 화장품TOP3플러스"" 기초지수 방법론 구성종목",timed out
0008T0,SOL 화장품TOP3플러스,unknown,search_failed,search failed,https://html.duckduckgo.com/html/,"""SOL 화장품TOP3플러스"" 투자설명서 PDF 기초지수",timed out
243880,TIGER 200IT레버리지,unknown,search_failed,search failed,https://html.duckduckgo.com/html/,"""TIGER 200IT레버리지"" 기초지수 리밸런싱 정기변경",timed out
243880,TIGER 200IT레버리지,unknown,search_failed,search failed,https://html.duckduckgo.com/html/,"""TIGER 200IT레버리지"" 기초지수 방법론 구성종목",timed out
243880,TIGER 200IT레버리지,unknown,search_failed,search failed,https://html.duckduckgo.com/html/,"""TIGER 200IT레버리지"" 투자설명서 PDF 기초지수",timed out
243890,TIGER 200에너지화학레버리지,unknown,search_failed,search failed,https://html.duckduckgo.com/html/,"""TIGER 200에너지화학레버리지"" 기초지수 리밸런싱 정기변경",timed out
243890,TIGER 200에너지화학레버리지,unknown,search_failed,search failed,https://html.duckduckgo.com/html/,"""TIGER 200에너지화학레버리지"" 기초지수 방법론 구성종목",timed out
243890,TIGER 200에너지화학레버리지,unknown,search_failed,search failed,https://html.duckduckgo.com/html/,"""TIGER 200에너지화학레버리지"" 투자설명서 PDF 기초지수",timed out
315270,TIGER 200커뮤니케이션서비스,unknown,search_failed,search failed,https://html.duckduckgo.com/html/,"""TIGER 200커뮤니케이션서비스"" 기초지수 리밸런싱 정기변경",timed out
315270,TIGER 200커뮤니케이션서비스,unknown,search_failed,search failed,https://html.duckduckgo.com/html/,"""TIGER 200커뮤니케이션서비스"" 기초지수 방법론 구성종목",timed out
315270,TIGER 200커뮤니케이션서비스,unknown,search_failed,search failed,https://html.duckduckgo.com/html/,"""TIGER 200커뮤니케이션서비스"" 투자설명서 PDF 기초지수",timed out
364980,TIGER 2차전지TOP10,unknown,search_failed,search failed,https://html.duckduckgo.com/html/,"""TIGER 2차전지TOP10"" 기초지수 리밸런싱 정기변경",timed out
364980,TIGER 2차전지TOP10,unknown,search_failed,search failed,https://html.duckduckgo.com/html/,"""TIGER 2차전지TOP10"" 기초지수 방법론 구성종목",timed out
364980,TIGER 2차전지TOP10,unknown,search_failed,search failed,https://html.duckduckgo.com/html/,"""TIGER 2차전지TOP10"" 투자설명서 PDF 기초지수",timed out
412570,TIGER 2차전지TOP10레버리지,unknown,search_failed,search failed,https://html.duckduckgo.com/html/,"""TIGER 2차전지TOP10레버리지"" 기초지수 리밸런싱 정기변경",timed out
412570,TIGER 2차전지TOP10레버리지,unknown,search_failed,search failed,https://html.duckduckgo.com/html/,"""TIGER 2차전지TOP10레버리지"" 기초지수 방법론 구성종목",timed out
412570,TIGER 2차전지TOP10레버리지,unknown,search_failed,search failed,https://html.duckduckgo.com/html/,"""TIGER 2차전지TOP10레버리지"" 투자설명서 PDF 기초지수",timed out
462010,TIGER 2차전지소재Fn,unknown,search_failed,search failed,https://html.duckduckgo.com/html/,"""TIGER 2차전지소재Fn"" 기초지수 리밸런싱 정기변경",timed out
462010,TIGER 2차전지소재Fn,unknown,search_failed,search failed,https://html.duckduckgo.com/html/,"""TIGER 2차전지소재Fn"" 기초지수 방법론 구성종목",timed out
462010,TIGER 2차전지소재Fn,unknown,search_failed,search failed,https://html.duckduckgo.com/html/,"""TIGER 2차전지소재Fn"" 투자설명서 PDF 기초지수",timed out
305540,TIGER 2차전지테마,unknown,search_failed,search failed,https://html.duckduckgo.com/html/,"""TIGER 2차전지테마"" 기초지수 리밸런싱 정기변경",timed out
305540,TIGER 2차전지테마,unknown,search_failed,search failed,https://html.duckduckgo.com/html/,"""TIGER 2차전지테마"" 기초지수 방법론 구성종목",timed out
305540,TIGER 2차전지테마,unknown,search_failed,search failed,https://html.duckduckgo.com/html/,"""TIGER 2차전지테마"" 투자설명서 PDF 기초지수",timed out
471760,TIGER AI반도체핵심공정,unknown,search_failed,search failed,https://html.duckduckgo.com/html/,"""TIGER AI반도체핵심공정"" 기초지수 리밸런싱 정기변경",timed out
471760,TIGER AI반도체핵심공정,unknown,search_failed,search failed,https://html.duckduckgo.com/html/,"""TIGER AI반도체핵심공정"" 기초지수 방법론 구성종목",timed out
471760,TIGER AI반도체핵심공정,unknown,search_failed,search failed,https://html.duckduckgo.com/html/,"""TIGER AI반도체핵심공정"" 투자설명서 PDF 기초지수",timed out
365040,TIGER AI코리아그로스액티브,unknown,search_failed,search failed,https://html.duckduckgo.com/html/,"""TIGER AI코리아그로스액티브"" 기초지수 리밸런싱 정기변경",timed out
365040,TIGER AI코리아그로스액티브,unknown,search_failed,search failed,https://html.duckduckgo.com/html/,"""TIGER AI코리아그로스액티브"" 기초지수 방법론 구성종목",timed out
365040,TIGER AI코리아그로스액티브,unknown,search_failed,search failed,https://html.duckduckgo.com/html/,"""TIGER AI코리아그로스액티브"" 투자설명서 PDF 기초지수",timed out
377990,TIGER Fn신재생에너지,unknown,search_failed,search failed,https://html.duckduckgo.com/html/,"""TIGER Fn신재생에너지"" 기초지수 리밸런싱 정기변경",timed out
377990,TIGER Fn신재생에너지,unknown,search_failed,search failed,https://html.duckduckgo.com/html/,"""TIGER Fn신재생에너지"" 기초지수 방법론 구성종목",timed out
377990,TIGER Fn신재생에너지,unknown,search_failed,search failed,https://html.duckduckgo.com/html/,"""TIGER Fn신재생에너지"" 투자설명서 PDF 기초지수",timed out
300610,TIGER K게임,unknown,search_failed,search failed,https://html.duckduckgo.com/html/,"""TIGER K게임"" 기초지수 리밸런싱 정기변경",timed out
300610,TIGER K게임,unknown,search_failed,search failed,https://html.duckduckgo.com/html/,"""TIGER K게임"" 기초지수 방법론 구성종목",timed out
300610,TIGER K게임,unknown,search_failed,search failed,https://html.duckduckgo.com/html/,"""TIGER K게임"" 투자설명서 PDF 기초지수",timed out
463250,TIGER K방산&우주,unknown,search_failed,search failed,https://html.duckduckgo.com/html/,"""TIGER K방산&우주"" 기초지수 리밸런싱 정기변경",timed out
463250,TIGER K방산&우주,unknown,search_failed,search failed,https://html.duckduckgo.com/html/,"""TIGER K방산&우주"" 기초지수 방법론 구성종목",timed out
463250,TIGER K방산&우주,unknown,search_failed,search failed,https://html.duckduckgo.com/html/,"""TIGER K방산&우주"" 투자설명서 PDF 기초지수",timed out
364990,TIGER 게임TOP10,unknown,search_failed,search failed,https://html.duckduckgo.com/html/,"""TIGER 게임TOP10"" 기초지수 리밸런싱 정기변경",timed out
364990,TIGER 게임TOP10,unknown,search_failed,search failed,https://html.duckduckgo.com/html/,"""TIGER 게임TOP10"" 기초지수 방법론 구성종목",timed out
364990,TIGER 게임TOP10,unknown,search_failed,search failed,https://html.duckduckgo.com/html/,"""TIGER 게임TOP10"" 투자설명서 PDF 기초지수",timed out
0168K0,TIGER 기술이전바이오액티브,unknown,search_failed,search failed,https://html.duckduckgo.com/html/,"""TIGER 기술이전바이오액티브"" 기초지수 리밸런싱 정기변경",timed out
0168K0,TIGER 기술이전바이오액티브,unknown,search_failed,search failed,https://html.duckduckgo.com/html/,"""TIGER 기술이전바이오액티브"" 기초지수 방법론 구성종목",timed out
0168K0,TIGER 기술이전바이오액티브,unknown,search_failed,search failed,https://html.duckduckgo.com/html/,"""TIGER 기술이전바이오액티브"" 투자설명서 PDF 기초지수",timed out
228810,TIGER 미디어컨텐츠,unknown,search_failed,search failed,https://html.duckduckgo.com/html/,"""TIGER 미디어컨텐츠"" 기초지수 리밸런싱 정기변경",timed out
228810,TIGER 미디어컨텐츠,unknown,search_failed,search failed,https://html.duckduckgo.com/html/,"""TIGER 미디어컨텐츠"" 기초지수 방법론 구성종목",timed out
228810,TIGER 미디어컨텐츠,unknown,search_failed,search failed,https://html.duckduckgo.com/html/,"""TIGER 미디어컨텐츠"" 투자설명서 PDF 기초지수",timed out
364970,TIGER 바이오TOP10,unknown,search_failed,search failed,https://html.duckduckgo.com/html/,"""TIGER 바이오TOP10"" 기초지수 리밸런싱 정기변경",timed out
364970,TIGER 바이오TOP10,unknown,search_failed,search failed,https://html.duckduckgo.com/html/,"""TIGER 바이오TOP10"" 기초지수 방법론 구성종목",timed out
364970,TIGER 바이오TOP10,unknown,search_failed,search failed,https://html.duckduckgo.com/html/,"""TIGER 바이오TOP10"" 투자설명서 PDF 기초지수",timed out
091230,TIGER 반도체,unknown,search_failed,search failed,https://html.duckduckgo.com/html/,"""TIGER 반도체"" 기초지수 리밸런싱 정기변경",timed out
091230,TIGER 반도체,unknown,search_failed,search failed,https://html.duckduckgo.com/html/,"""TIGER 반도체"" 기초지수 방법론 구성종목",timed out
091230,TIGER 반도체,unknown,search_failed,search failed,https://html.duckduckgo.com/html/,"""TIGER 반도체"" 투자설명서 PDF 기초지수",timed out
396500,TIGER 반도체TOP10,unknown,search_failed,search failed,https://html.duckduckgo.com/html/,"""TIGER 반도체TOP10"" 기초지수 리밸런싱 정기변경",timed out
396500,TIGER 반도체TOP10,unknown,search_failed,search failed,https://html.duckduckgo.com/html/,"""TIGER 반도체TOP10"" 기초지수 방법론 구성종목",timed out
396500,TIGER 반도체TOP10,unknown,search_failed,search failed,https://html.duckduckgo.com/html/,"""TIGER 반도체TOP10"" 투자설명서 PDF 기초지수",timed out
488080,TIGER 반도체TOP10레버리지,unknown,search_failed,search failed,https://html.duckduckgo.com/html/,"""TIGER 반도체TOP10레버리지"" 기초지수 리밸런싱 정기변경",timed out
488080,TIGER 반도체TOP10레버리지,unknown,search_failed,search failed,https://html.duckduckgo.com/html/,"""TIGER 반도체TOP10레버리지"" 기초지수 방법론 구성종목",timed out
488080,TIGER 반도체TOP10레버리지,unknown,search_failed,search failed,https://html.duckduckgo.com/html/,"""TIGER 반도체TOP10레버리지"" 투자설명서 PDF 기초지수",timed out
0177R0,TIGER 반도체TOP10커버드콜액티브,unknown,search_failed,search failed,https://html.duckduckgo.com/html/,"""TIGER 반도체TOP10커버드콜액티브"" 기초지수 리밸런싱 정기변경",timed out
0177R0,TIGER 반도체TOP10커버드콜액티브,unknown,search_failed,search failed,https://html.duckduckgo.com/html/,"""TIGER 반도체TOP10커버드콜액티브"" 기초지수 방법론 구성종목",timed out
0177R0,TIGER 반도체TOP10커버드콜액티브,unknown,search_failed,search failed,https://html.duckduckgo.com/html/,"""TIGER 반도체TOP10커버드콜액티브"" 투자설명서 PDF 기초지수",timed out
157490,TIGER 소프트웨어,unknown,search_failed,search failed,https://html.duckduckgo.com/html/,"""TIGER 소프트웨어"" 기초지수 리밸런싱 정기변경",timed out
157490,TIGER 소프트웨어,unknown,search_failed,search failed,https://html.duckduckgo.com/html/,"""TIGER 소프트웨어"" 기초지수 방법론 구성종목",timed out
157490,TIGER 소프트웨어,unknown,search_failed,search failed,https://html.duckduckgo.com/html/,"""TIGER 소프트웨어"" 투자설명서 PDF 기초지수",timed out
091220,TIGER 은행,unknown,search_failed,search failed,https://html.duckduckgo.com/html/,"""TIGER 은행"" 기초지수 리밸런싱 정기변경",timed out
091220,TIGER 은행,unknown,search_failed,search failed,https://html.duckduckgo.com/html/,"""TIGER 은행"" 기초지수 방법론 구성종목",timed out
091220,TIGER 은행,unknown,search_failed,search failed,https://html.duckduckgo.com/html/,"""TIGER 은행"" 투자설명서 PDF 기초지수",timed out
466940,TIGER 은행고배당플러스TOP10,unknown,search_failed,search failed,https://html.duckduckgo.com/html/,"""TIGER 은행고배당플러스TOP10"" 기초지수 리밸런싱 정기변경",timed out
466940,TIGER 은행고배당플러스TOP10,unknown,search_failed,search failed,https://html.duckduckgo.com/html/,"""TIGER 은행고배당플러스TOP10"" 기초지수 방법론 구성종목",timed out
466940,TIGER 은행고배당플러스TOP10,unknown,search_failed,search failed,https://html.duckduckgo.com/html/,"""TIGER 은행고배당플러스TOP10"" 투자설명서 PDF 기초지수",timed out
307510,TIGER 의료기기,unknown,search_failed,search failed,https://html.duckduckgo.com/html/,"""TIGER 의료기기"" 기초지수 리밸런싱 정기변경",timed out
307510,TIGER 의료기기,unknown,search_failed,search failed,https://html.duckduckgo.com/html/,"""TIGER 의료기기"" 기초지수 방법론 구성종목",timed out
307510,TIGER 의료기기,unknown,search_failed,search failed,https://html.duckduckgo.com/html/,"""TIGER 의료기기"" 투자설명서 PDF 기초지수",timed out
365000,TIGER 인터넷TOP10,unknown,search_failed,search failed,https://html.duckduckgo.com/html/,"""TIGER 인터넷TOP10"" 기초지수 리밸런싱 정기변경",timed out
365000,TIGER 인터넷TOP10,unknown,search_failed,search failed,https://html.duckduckgo.com/html/,"""TIGER 인터넷TOP10"" 기초지수 방법론 구성종목",timed out
365000,TIGER 인터넷TOP10,unknown,search_failed,search failed,https://html.duckduckgo.com/html/,"""TIGER 인터넷TOP10"" 투자설명서 PDF 기초지수",timed out
494670,TIGER 조선TOP10,unknown,search_failed,search failed,https://html.duckduckgo.com/html/,"""TIGER 조선TOP10"" 기초지수 리밸런싱 정기변경",timed out
494670,TIGER 조선TOP10,unknown,search_failed,search failed,https://html.duckduckgo.com/html/,"""TIGER 조선TOP10"" 기초지수 방법론 구성종목",timed out
494670,TIGER 조선TOP10,unknown,search_failed,search failed,https://html.duckduckgo.com/html/,"""TIGER 조선TOP10"" 투자설명서 PDF 기초지수",timed out
157500,TIGER 증권,unknown,search_failed,search failed,https://html.duckduckgo.com/html/,"""TIGER 증권"" 기초지수 리밸런싱 정기변경",timed out
157500,TIGER 증권,unknown,search_failed,search failed,https://html.duckduckgo.com/html/,"""TIGER 증권"" 기초지수 방법론 구성종목",timed out
157500,TIGER 증권,unknown,search_failed,search failed,https://html.duckduckgo.com/html/,"""TIGER 증권"" 투자설명서 PDF 기초지수",timed out
0117V0,TIGER 코리아AI전력기기TOP3플러스,unknown,search_failed,search failed,https://html.duckduckgo.com/html/,"""TIGER 코리아AI전력기기TOP3플러스"" 기초지수 리밸런싱 정기변경",timed out
0117V0,TIGER 코리아AI전력기기TOP3플러스,unknown,search_failed,search failed,https://html.duckduckgo.com/html/,"""TIGER 코리아AI전력기기TOP3플러스"" 기초지수 방법론 구성종목",timed out
0117V0,TIGER 코리아AI전력기기TOP3플러스,unknown,search_failed,search failed,https://html.duckduckgo.com/html/,"""TIGER 코리아AI전력기기TOP3플러스"" 투자설명서 PDF 기초지수",timed out
0148J0,TIGER 코리아휴머노이드로봇산업,unknown,search_failed,search failed,https://html.duckduckgo.com/html/,"""TIGER 코리아휴머노이드로봇산업"" 기초지수 리밸런싱 정기변경",timed out
0148J0,TIGER 코리아휴머노이드로봇산업,unknown,search_failed,search failed,https://html.duckduckgo.com/html/,"""TIGER 코리아휴머노이드로봇산업"" 기초지수 방법론 구성종목",timed out
0148J0,TIGER 코리아휴머노이드로봇산업,unknown,search_failed,search failed,https://html.duckduckgo.com/html/,"""TIGER 코리아휴머노이드로봇산업"" 투자설명서 PDF 기초지수",timed out
387280,TIGER 퓨처모빌리티액티브,unknown,search_failed,search failed,https://html.duckduckgo.com/html/,"""TIGER 퓨처모빌리티액티브"" 기초지수 리밸런싱 정기변경",timed out
387280,TIGER 퓨처모빌리티액티브,unknown,search_failed,search failed,https://html.duckduckgo.com/html/,"""TIGER 퓨처모빌리티액티브"" 기초지수 방법론 구성종목",timed out
387280,TIGER 퓨처모빌리티액티브,unknown,search_failed,search failed,https://html.duckduckgo.com/html/,"""TIGER 퓨처모빌리티액티브"" 투자설명서 PDF 기초지수",timed out
143860,TIGER 헬스케어,unknown,search_failed,search failed,https://html.duckduckgo.com/html/,"""TIGER 헬스케어"" 기초지수 리밸런싱 정기변경",timed out
143860,TIGER 헬스케어,unknown,search_failed,search failed,https://html.duckduckgo.com/html/,"""TIGER 헬스케어"" 기초지수 방법론 구성종목",timed out
143860,TIGER 헬스케어,unknown,search_failed,search failed,https://html.duckduckgo.com/html/,"""TIGER 헬스케어"" 투자설명서 PDF 기초지수",timed out
228790,TIGER 화장품,unknown,search_failed,search failed,https://html.duckduckgo.com/html/,"""TIGER 화장품"" 기초지수 리밸런싱 정기변경",timed out
228790,TIGER 화장품,unknown,search_failed,search failed,https://html.duckduckgo.com/html/,"""TIGER 화장품"" 기초지수 방법론 구성종목",timed out
228790,TIGER 화장품,unknown,search_failed,search failed,https://html.duckduckgo.com/html/,"""TIGER 화장품"" 투자설명서 PDF 기초지수",timed out
463050,TIME K바이오액티브,unknown,search_failed,search failed,https://html.duckduckgo.com/html/,"""TIME K바이오액티브"" 기초지수 리밸런싱 정기변경",timed out
463050,TIME K바이오액티브,unknown,search_failed,search failed,https://html.duckduckgo.com/html/,"""TIME K바이오액티브"" 기초지수 방법론 구성종목",timed out
463050,TIME K바이오액티브,unknown,search_failed,search failed,https://html.duckduckgo.com/html/,"""TIME K바이오액티브"" 투자설명서 PDF 기초지수",timed out
404120,TIME K신재생에너지액티브,unknown,search_failed,search failed,https://html.duckduckgo.com/html/,"""TIME K신재생에너지액티브"" 기초지수 리밸런싱 정기변경",timed out
404120,TIME K신재생에너지액티브,unknown,search_failed,search failed,https://html.duckduckgo.com/html/,"""TIME K신재생에너지액티브"" 기초지수 방법론 구성종목",timed out
404120,TIME K신재생에너지액티브,unknown,search_failed,search failed,https://html.duckduckgo.com/html/,"""TIME K신재생에너지액티브"" 투자설명서 PDF 기초지수",timed out
0184V0,UNICORN K바이오액티브,unknown,search_failed,search failed,https://html.duckduckgo.com/html/,"""UNICORN K바이오액티브"" 기초지수 리밸런싱 정기변경",timed out
0184V0,UNICORN K바이오액티브,unknown,search_failed,search failed,https://html.duckduckgo.com/html/,"""UNICORN K바이오액티브"" 기초지수 방법론 구성종목",timed out
0184V0,UNICORN K바이오액티브,unknown,search_failed,search failed,https://html.duckduckgo.com/html/,"""UNICORN K바이오액티브"" 투자설명서 PDF 기초지수",timed out
470310,UNICORN 생성형AI강소기업액티브,unknown,search_failed,search failed,https://html.duckduckgo.com/html/,"""UNICORN 생성형AI강소기업액티브"" 기초지수 리밸런싱 정기변경",timed out
470310,UNICORN 생성형AI강소기업액티브,unknown,search_failed,search failed,https://html.duckduckgo.com/html/,"""UNICORN 생성형AI강소기업액티브"" 기초지수 방법론 구성종목",timed out
470310,UNICORN 생성형AI강소기업액티브,unknown,search_failed,search failed,https://html.duckduckgo.com/html/,"""UNICORN 생성형AI강소기업액티브"" 투자설명서 PDF 기초지수",timed out
422260,VITA MZ소비액티브,unknown,search_failed,search failed,https://html.duckduckgo.com/html/,"""VITA MZ소비액티브"" 기초지수 리밸런싱 정기변경",timed out
422260,VITA MZ소비액티브,unknown,search_failed,search failed,https://html.duckduckgo.com/html/,"""VITA MZ소비액티브"" 기초지수 방법론 구성종목",timed out
422260,VITA MZ소비액티브,unknown,search_failed,search failed,https://html.duckduckgo.com/html/,"""VITA MZ소비액티브"" 투자설명서 PDF 기초지수",timed out
413930,WON AI ESG액티브,unknown,search_failed,search failed,https://html.duckduckgo.com/html/,"""WON AI ESG액티브"" 기초지수 리밸런싱 정기변경",timed out
413930,WON AI ESG액티브,unknown,search_failed,search failed,https://html.duckduckgo.com/html/,"""WON AI ESG액티브"" 기초지수 방법론 구성종목",timed out
413930,WON AI ESG액티브,unknown,search_failed,search failed,https://html.duckduckgo.com/html/,"""WON AI ESG액티브"" 투자설명서 PDF 기초지수",timed out
474590,WON 반도체밸류체인액티브,unknown,search_failed,search failed,https://html.duckduckgo.com/html/,"""WON 반도체밸류체인액티브"" 기초지수 리밸런싱 정기변경",timed out
474590,WON 반도체밸류체인액티브,unknown,search_failed,search failed,https://html.duckduckgo.com/html/,"""WON 반도체밸류체인액티브"" 기초지수 방법론 구성종목",timed out
474590,WON 반도체밸류체인액티브,unknown,search_failed,search failed,https://html.duckduckgo.com/html/,"""WON 반도체밸류체인액티브"" 투자설명서 PDF 기초지수",timed out
0154F0,WON 초대형IB&금융지주,unknown,search_failed,search failed,https://html.duckduckgo.com/html/,"""WON 초대형IB&금융지주"" 기초지수 리밸런싱 정기변경",timed out
0154F0,WON 초대형IB&금융지주,unknown,search_failed,search failed,https://html.duckduckgo.com/html/,"""WON 초대형IB&금융지주"" 기초지수 방법론 구성종목",timed out
0154F0,WON 초대형IB&금융지주,unknown,search_failed,search failed,https://html.duckduckgo.com/html/,"""WON 초대형IB&금융지주"" 투자설명서 PDF 기초지수",timed out
0001P0,마이티 바이오시밀러&CDMO액티브,unknown,search_failed,search failed,https://html.duckduckgo.com/html/,"""마이티 바이오시밀러&CDMO액티브"" 기초지수 리밸런싱 정기변경",timed out
0001P0,마이티 바이오시밀러&CDMO액티브,unknown,search_failed,search failed,https://html.duckduckgo.com/html/,"""마이티 바이오시밀러&CDMO액티브"" 기초지수 방법론 구성종목",timed out
0001P0,마이티 바이오시밀러&CDMO액티브,unknown,search_failed,search failed,https://html.duckduckgo.com/html/,"""마이티 바이오시밀러&CDMO액티브"" 투자설명서 PDF 기초지수",timed out
